"새주소","지번주소","좌표정보","좌표정보","테마코드","콘텐츠 코드","언어셋(KOR : 국문, ENG : 영문, JP : 일문, CHA : 중문-간체, CHB : 중문-번체)","콘텐츠 명","시도명(텍스트)","구명","동명","산지여부","주 번지","부 번지","기타주소","전화번호","상세정보 값 1","상세정보 값 2","상세정보 값 3","상세정보 값 4","상세정보 값 5","상세정보 값 6","상세정보 값 7","상세정보 값 8","상세정보 값 9","상세정보 값 10","상세정보 값 11","상세정보 값 12","상세정보 값 13","상세정보 값 14","상세정보 값 15","상세정보 값 16","상세정보 값 17","상세정보 값 18","상세정보 값 19","상세정보 값 20","상세정보 이름 1","상세정보 이름 2","상세정보 이름 3","상세정보 이름 4","상세정보 이름 5","상세정보 이름 6","상세정보 이름 7","상세정보 이름 8","상세정보 이름 9","상세정보 이름 10","상세정보 이름 11","상세정보 이름 12","상세정보 이름 13","상세정보 이름 14","상세정보 이름 15","상세정보 이름 16","상세정보 이름 17","상세정보 이름 18","상세정보 이름 19","상세정보 이름 20","좌표데이터","좌표 타입 (1:Point 3:Polyline 4:MultiPolyline 5:Polygon 6:MultiPolygon 8:multiPoint)","선 두께 1~10","테마 선 색상","키워드","등록일","수정일"
"목동중앙북로6길 5","양천구 목동 617-13","126.865176669","37.548165178","100171","PRICE_102","KOR","목3동시장","","양천구","목동","","617","13","","","","가격 : 2000원 (1개) ","가격 : 2500원 (1개) ","가격 : 5000원 (1포기) ","가격 : 2000원 (1개) ","가격 : 2000원 (1망) ","가격 : 500원 (100g) ","가격 : 400원 (1개) ","가격 : 750원 (1개) ","가격 : 21000원 (600g) ","가격 : 14400원 (600g) ","가격 : 6500원 (1000g) ","가격 : 2900원 (10개) ","가격 : 5300원 (30개) ","가격 : 1428원 (1마리) ","가격 : 2000원 (1마리) ","가격 : 3000원 (1마리) ","가격 : 2000원 (1마리) ","","","조사일자;;;;2019-01-14","사과(부사 300g)","배(신고 600g)","배추(2.5~3kg)","무(1kg)","양파(1.5kg망)","상추(100g)","오이","애호박","쇠고기","돼지고기(생삼겹살)","닭고기","달걀(10개)","달걀(30개)","조기(냉동수입산)","명태(러시아냉동)","오징어(생물국산)","고등어(30cm국산)","","","","1","0","","","2019-01-21 15:36:23.0","2019-01-21 15:36:23.0"
"퇴계로85길 22","중구 황학동 409","127.019771980","37.566785153","100171","PRICE_199","KOR","서울중앙시장","","중구","황학동","","409","","","","","가격 : 2000원 (1개) ","가격 : 2000원 (1개) ","가격 : 2500원 (1포기(중간)) ","가격 : 1500원 (1개) ","가격 : 2300원 (1망 1.5kg) ","가격 : 750원 (100g) ","가격 : 700원 (1개) ","가격 : 1500원 (1개) ","가격 : 28000원 (1근) ","가격 : 13000원 (1근) ","가격 : 5000원 (1마리) ","가격 : 2000원 (10개) ","가격 : 4500원 (30개) ","가격 : 3000원 (1마리) ","가격 : 3300원 (1마리) ","가격 : 6000원 (1마리) ","가격 : 2000원 (1마리) ","","","조사일자;;;;2019-01-17","사과(부사 300g)","배(중품)","배추(중간)","무(세척무)","양파(1.5kg망)","상추(100g)","오이(다다기)","호박(인큐베이터)중간","쇠고기(한우불고기)","돼지고기(생삼겹살)","닭고기(육계)","달걀(10개)","달걀(30개)","명태(러시아냉동)","조기(냉동수입산)","오징어","고등어","","","","1","0","","","2019-01-21 15:36:23.0","2019-01-21 15:36:23.0"
"월정로 161-5","양천구 신월동 114-18","126.836009073","37.533011872","100171","PRICE_103","KOR","신영시장","","양천구","신월동","","114","18","","","","가격 : 1428원 (1개) 부가 정보 : 7개 10000원","가격 : 2500원 (1개) ","가격 : 7000원 (1포기) ","가격 : 2000원 (1개) 부가 정보 : 제주","가격 : 2000원 (1망) ","가격 : 500원 (100g) ","가격 : 400원 (1개) 부가 정보 : 5개 200원","가격 : 500원 (1개) ","가격 : 24000원 (600g) ","가격 : 12000원 (600g) ","가격 : 6000원 (1000g) ","가격 : 3900원 (10개) ","가격 : 5300원 (30개) ","가격 : 2500원 (1마리) ","가격 : 3000원 (1마리) ","가격 : 4000원 (1마리) ","가격 : 3000원 (1마리) 부가 정보 : 2마리 5000원","","","조사일자;;;;2019-01-14","사과(부사 300g)","배(신고)","배추(2.5~3kg)","무(1kg)","양파(1.5kg망)","상추(100g)","오이(다다기)","애호박","쇠고기(한우불고기)","돼지고기(삼겹살)","닭고기(육계)","달걀(10개)","달걀(30개)","조기(냉동수입산)","동태","오징어(생물국산)","고등어(30cm국산)","","","","1","0","","","2019-01-21 15:36:23.0","2019-01-21 15:36:23.0"
"소공로 63","중구 충무로1가 52-5","126.981117313","37.560919370","100171","PRICE_2","KOR","신세계백화점","","중구","충무로1가","","52","5","","","","가격 : 3600원 (1 개) ","가격 : 7900원 (1 개) ","가격 : 5500원 (1포기) ","가격 : 3500원 (1 개) ","가격 : 2970원 (1망) ","가격 : 2580원 (100g) ","가격 : 1830원 (1 개) ","가격 : 2980원 (1 개) ","가격 : 28800원 (600g) ","가격 : 25800원 (600g) 부가 정보 : 바른농장동물복지100g4300","가격 : 12000원 (1마리(1kg)) ","가격 : 4980원 (10개) ","가격 : 12900원 (30개) ","가격 : 5000원 (1마리) 부가 정보 : 백조기2마리10000원","가격 : 0원 (1마리) 부가 정보 : 입고안됨","가격 : 3450원 (1마리) 부가 정보 : 4마리13800","가격 : 6000원 (1마리) ","","","조사일자;;;;2019-01-17","사과(부사 300g)","배(신고 600g)","배추(중간)","무(세척무)","양파(1.5kg망)","상추","오이","애호박","쇠고기(한우불고기)","돼지고기(생삼겹살)","닭고기(토종닭)","달걀(10개)","달걀(30개)","조기(생물국산)","명태(생물수입산)","오징어(생물국산)","고등어(생물국산)","","","","1","0","","","2019-01-21 15:36:23.0","2019-01-21 15:36:23.0"
"영중로14길 27","영등포구 영등포동2가 335","126.908284633","37.519866086","100171","PRICE_20","KOR","영등포전통시장","","영등포구","영등포동2가","","335","","","","","가격 : 1250원 (1개) ","가격 : 1500원 (1개) ","가격 : 3000원 (1포기) ","가격 : 2000원 (1개) ","가격 : 3000원 (1망 ) ","가격 : 750원 (100g) ","가격 : 700원 (1개) ","가격 : 2000원 (1개) ","가격 : 21000원 (600g) ","가격 : 10800원 (600g) ","가격 : 6000원 (1kg) ","가격 : 2500원 (10개) ","가격 : 5000원 (30개) ","가격 : 2500원 (1마리) ","가격 : 2000원 (1마리) ","가격 : 4000원 (1마리 ) ","가격 : 2500원 (1마리) ","","","조사일자;;;;2019-01-17","사과","배(신고)","배추","무","양파","상추","오이(다다기)","애호박","쇠고기(한우불고기)","돼지고기(생삼겹살)","닭고기(육계)","달걀(10개)","달걀(30개)","조기(냉동수입산)","명태(냉동수입산)","오징어","고등어","","","","1","0","","","2019-01-21 15:36:23.0","2019-01-21 15:36:23.0"
"응암로4길 22","은평구 응암동 754-1","126.917688895","37.586727323","100171","PRICE_49","KOR","대림시장","","은평구","응암동","","754","1","","","","가격 : 1250원 (1개) 부가 정보 : 청송","가격 : 2000원 (1개) ","가격 : 2500원 (1포기) ","가격 : 1500원 (1개) 부가 정보 : 세척무","가격 : 2500원 (1망) ","가격 : 500원 (100g) 부가 정보 : 적상추400g2000원","가격 : 500원 (1개) 부가 정보 : 상주","가격 : 1500원 (1개) ","가격 : 23000원 (600g) 부가 정보 : 부천","가격 : 12800원 (600g) ","가격 : 6000원 (1200g) 부가 정보 : 하림(전북익산)","가격 : 1700원 (10개) ","가격 : 5000원 (30개) ","가격 : 2500원 (1마리(22cm)) 부가 정보 : 부세","가격 : 8000원 (1마리(40cm)) 부가 정보 : 러시아","가격 : 4000원 (1마리(36cm)) ","가격 : 3000원 (1마리(26cm)) ","","","조사일자;;;;2019-01-17","사과(부사 300g)","배","배추","무","양파(1.5kg망)","상추(100g)","오이","호박(인큐베이터)","쇠고기(한우불고기)","돼지고기(삼겹살)","닭고기(육계)","달걀(10개)","달걀(30개)","조기(냉동수입산)","명태(생물수입산)","오징어(생물국산)","고등어(생물국산)","","","","1","0","","","2019-01-21 15:36:23.0","2019-01-21 15:36:23.0"
"불광로 20","은평구 대조동 240","126.928963897","37.609727190","100171","PRICE_51","KOR","2001아울렛 불광점","","은평구","대조동","","240","","","","","가격 : 1330원 (1개) 부가 정보 : 부사","가격 : 2160원 (1개) 부가 정보 : 신고","가격 : 3990원 (1포기) ","가격 : 1190원 (1개) 부가 정보 : 세척무","가격 : 2990원 (1망) ","가격 : 1780원 (100g) 부가 정보 : 이천","가격 : 1000원 (1개) ","가격 : 1990원 (1개) 부가 정보 : 웰빙","가격 : 19740원 (600g) 부가 정보 : 음성","가격 : 13140원 (600g) 부가 정보 : 축림","가격 : 5990원 (1kg) 부가 정보 : 하림","가격 : 1470원 (10개) ","가격 : 4390원 (30개) ","가격 : 4990원 (1마리(26cm)) ","가격 : 3990원 (1마리(42cm)) ","가격 : 2500원 (1마리(30cm)) 부가 정보 : 속초","가격 : 3000원 (1마리(28cm)) ","","","조사일자;;;;2019-01-17","사과","배(신고)중급(대)","배추","무","양파(1.5kg망)","상추","오이(다다기)","호박(인큐베이터)","쇠고기(한우2등급)","돼지고기(삼겹살)","닭고기(육계)","달걀(10개)","달걀(30개)","조기(냉동수입산)","명태(러시아냉동)","오징어(생물국산)","고등어(생물국산)","","","","1","0","","","2019-01-21 15:36:23.0","2019-01-21 15:36:23.0"
"응암로4길 22","은평구 응암동 754-1","126.917689289","37.586729257","100171","PRICE_53","KOR","이마트 은평점","","은평구","응암동","","754","1","","","","가격 : 2000원 (1개) 부가 정보 : 밀양","가격 : 2990원 (1개) ","가격 : 2480원 (1포기) ","가격 : 990원 (1개) ","가격 : 2380원 (18kg) ","가격 : 740원 (100g) 부가 정보 : 예냉","가격 : 800원 (1개) ","가격 : 1690원 (1개) 부가 정보 : 진주","가격 : 37200원 (600g) 부가 정보 : 횡성kc","가격 : 17100원 (600g) 부가 정보 : 도드람","가격 : 6580원 (1kg) 부가 정보 : 마니커","가격 : 2580원 (10개) 부가 정보 : 난이생생","가격 : 5980원 (30개) 부가 정보 : 특란","가격 : 1500원 (1마리(18cm)) 부가 정보 : 참조기","가격 : 4800원 (1마리(40cm)) 부가 정보 : 캐나다100g480원","가격 : 5980원 (1마리(38cm)) ","가격 : 1800원 (1마리(25cm)) 부가 정보 : 세일","","","조사일자;;;;2019-01-17","사과","배(신고)중급(중)","배추(중간)","무","양파","상추","오이(다다기)","호박(인큐베이터)","쇠고기(한우2등급)","돼지고기(삼겹살)","닭고기(육계)","달걀(10개)","달걀(30개)","조기(국산생물)","명태(냉동수입산)","오징어(생물국산)","고등어(생물국산)","","","","1","0","","","2019-01-21 15:36:23.0","2019-01-21 15:36:23.0"
"창경궁로 88","종로구 종로4가 165-2","127.000066900","37.570479600","100171","PRICE_55","KOR","광장시장","","종로구","종로4가","","165","2","","","","가격 : 5000원 (1마리) ","가격 : 3000원 (1 개) ","가격 : 4000원 (1 개) ","가격 : 4000원 (1포기) ","가격 : 2000원 (1 개) ","가격 : 4000원 (1망) ","가격 : 500원 (100g) ","가격 : 700원 (1 개) ","가격 : 2000원 (1 개) ","가격 : 30000원 (600g(1등급)) ","가격 : 12000원 (600g) ","가격 : 6000원 (1마리(1kg)) ","가격 : 2000원 (10개) ","가격 : 5000원 (30개) ","가격 : 3500원 (1마리) 부가 정보 : 부세조기","가격 : 10000원 (1마리) ","가격 : 4000원 (1마리) ","","","조사일자;;;;2019-01-17","고등어(생물국산)","사과(부사 300g)","배(신고 600g)","배추(2.5~3kg)","무(세척무 중)","양파(1.5kg망)","상추(100g)","오이(다다기)","호박(인큐베이터)","쇠고기(한우불고기)","돼지고기(생삼겹살)","닭고기(육계)","달걀(10개)","달걀(30개)","조기(냉동수입산)","명태(생물수입산)","오징어(생물국산)","","","","1","0","","","2019-01-21 15:36:23.0","2019-01-21 15:36:23.0"
"잠원로 51","서초구 잠원동 70-2","127.007288201","37.509387301","100171","PRICE_200","KOR","뉴코아아울렛 강남점","","서초구","잠원동","","70","2","","","","가격 : 5990원 (6개 1묶음) 부가 정보 : 못난이사과","가격 : 2475원 (1개) ","가격 : 3990원 (1포기) ","가격 : 1590원 (1개) 부가 정보 : 세척무","가격 : 2990원 (대망) ","가격 : 1480원 (1봉 100g) 부가 정보 : 친환경","가격 : 1000원 (1개) ","가격 : 1990원 (1개) ","가격 : 19740원 (600g) 부가 정보 : 2등급","가격 : 9540원 (600g) ","가격 : 4990원 (600g) 부가 정보 : 하림닭볶음탕","가격 : 2990원 (10개) ","가격 : 3990원 (30개) ","가격 : 10000원 (5마리) 부가 정보 : 15cm","가격 : 6990원 (4코) 부가 정보 : 코다리","가격 : 9900원 (6마리) 부가 정보 : 손질갑오징어 10cm","가격 : 4990원 (1마리) 부가 정보 : 손질고등어 23cn","","","조사일자;;;;2019-01-17","사과(부사)중급(대)","배(신고)중급(대)","배추(2.5~3kg)","무","양파","상추","오이(다다기)","호박(인큐베이터)","쇠고기(한우불고기)","돼지고기(생삼겹살)","닭고기(육계)","달걀(왕란)","달걀(왕란)","조기(냉동국산)","명태(러시아냉동)","오징어(생물국산)","고등어(생물국산)","","","","1","0","","","2019-01-21 15:36:23.0","2019-01-21 15:36:23.0"
"신반포로 176","서초구 반포동 19-3","127.003591278","37.504358577","100171","PRICE_218","KOR","신세계백화점 강남점","","서초구","반포동","","19","3","","","","가격 : 3560원 (1개) ","가격 : 9900원 (1개) ","가격 : 4980원 (1포기) ","가격 : 2500원 (1개) 부가 정보 : 세척무","가격 : 4980원 (1kg망) ","가격 : 2480원 (1봉 150g) 부가 정보 : 친환경","가격 : 1990원 (1개) ","가격 : 3980원 (1개) ","가격 : 38400원 (600g) ","가격 : 21000원 (600g) ","가격 : 11900원 (1kg) 부가 정보 : 하림그린어스닭볶음탕용","가격 : 5350원 (10개) 부가 정보 : 풀무원목초란","가격 : 11800원 (1마리) 부가 정보 : 20cm","가격 : 0원 (없음) 부가 정보 : 없음","가격 : 9800원 (3마리) 부가 정보 : 22cm","가격 : 6000원 (1마리) 부가 정보 : 30cm","","","","조사일자;;;;2019-01-17","사과(부사)중급(대)","배(신고)중급(대)","배추(2.5~3kg)","무","양파","상추","오이(다다기)","호박(인큐베이터)","쇠고기(한우불고기)","돼지고기(생삼겹살)","닭고기(육계)","달걀(왕란)","조기(생물국산)","명태(러시아냉동)","오징어(생물국산)","고등어(생물국산)","","","","","1","0","","","2019-01-21 15:36:23.0","2019-01-21 15:36:23.0"
"남대문로 81","중구 소공동 1","126.981072711","37.564804686","100171","PRICE_56","KOR","롯데백화점","","중구","소공동","","1","","","","","가격 : 3000원 (1 개) ","가격 : 6000원 (1 개) ","가격 : 4500원 (1포기 ) ","가격 : 3980원 (1 개) ","가격 : 4980원 (1망) ","가격 : 1720원 (100g) ","가격 : 1250원 (1 개) ","가격 : 2500원 (1 개) ","가격 : 46800원 (600g) ","가격 : 23940원 (600g) ","가격 : 10000원 (1마리(1kg)) ","가격 : 4950원 (10개) ","가격 : 12900원 (30개) ","가격 : 8333원 (1마리) 부가 정보 : 백조기3마리25000원","가격 : 0원 (1마리) 부가 정보 : 입고안됨","가격 : 7800원 (1마리) ","가격 : 10000원 (1마리) ","","","조사일자;;;;2019-01-17","사과(부사 300g)","배(신고 600g)","배추(2.5~3kg)","무(세척무)","양파(1.5kg망)","상추","오이(다다기)","애호박","쇠고기","돼지고기(생삼겹살)","닭고기(토종닭)","달걀(10개)","달걀(30개)","조기(국산생물)","명태(생물수입산)","오징어(생물국산)","고등어(생물국산)","","","","1","0","","","2019-01-21 15:36:23.0","2019-01-21 15:36:23.0"
"성수이로 32-15","성동구 성수동2가 335-16","127.054814832","37.537792861","100171","PRICE_73","KOR","뚝도시장","","성동구","성수동2가","","335","16","","","","가격 : 3000원 (1망) ","가격 : 1130원 (1개) ","가격 : 3900원 (1개) ","가격 : 2500원 (1포기) ","가격 : 1000원 (1개) ","가격 : 500원 (100g) ","가격 : 700원 (1개) ","가격 : 1500원 (1개) ","가격 : 24000원 (600g) ","가격 : 12000원 (600g) ","가격 : 7000원 (1마리) ","가격 : 1000원 (10개) ","가격 : 3000원 (30개) ","가격 : 830원 (1마리) ","가격 : 5000원 (1마리) ","가격 : 5000원 (1마리) ","가격 : 1500원 (1마리) ","","","조사일자;;;;2019-01-17","양파(1.5kg망)","사과(부사 300g)","배(신고 600g)","배추(2.5~3kg)","무(세척무)","상추(100g)","오이","호박","쇠고기(육우불고기)","돼지고기(삼겹살)","닭고기","달걀(10개)","달걀(30개)","조기(냉동국산)","명태(러시아냉동)","오징어(냉동국산)","고등어(생물국산)","","","","1","0","","","2019-01-21 15:36:23.0","2019-01-21 15:36:23.0"
"고산자로14길 34","성동구 행당동 168-1","127.038033948","37.563679543","100171","PRICE_74","KOR","이마트 왕십리점","","성동구","행당동","","168","1","","","","가격 : 1796원 (1개) ","가격 : 990원 (1개) ","가격 : 3450원 (1포기) ","가격 : 1280원 (1개) ","가격 : 2980원 (1망) ","가격 : 330원 (100g) ","가격 : 997원 (1개) ","가격 : 1390원 (1개) ","가격 : 37200원 (600g) ","가격 : 9480원 (600g) ","가격 : 5000원 (1마리) ","가격 : 2680원 (10개) ","가격 : 5780원 (30개) ","가격 : 1980원 (1마리) ","가격 : 5500원 (1마리) ","가격 : 2480원 (1마리) ","가격 : 4980원 (1마리) ","","","조사일자;;;;2019-01-17","사과","배(신고 600g)","배추(2.5~3kg)","무(세척무)","양파(1.5kg망)","상추","오이(다다기)","호박(인큐베이터)","쇠고기(한우1등급)","돼지고기(생삼겹살)","닭고기","달걀(10개)","달걀(30개)","조기(국산생물)","명태(러시아냉동)","오징어(냉동수입산)","고등어(생물국산)","","","","1","0","","","2019-01-21 15:36:23.0","2019-01-21 15:36:23.0"
"뚝섬로 377","성동구 성수동2가 333-131","127.052890989","37.540014990","100171","PRICE_75","KOR","이마트 성수점","","성동구","성수동2가","","333","131","","","","가격 : 2780원 (1마리) ","가격 : 1332원 (1개) ","가격 : 990원 (1개) ","가격 : 3450원 (1포기) ","가격 : 1280원 (1개) ","가격 : 2980원 (1망) ","가격 : 330원 (100g) ","가격 : 997원 (1개) ","가격 : 1390원 (1개) ","가격 : 30000원 (600g) ","가격 : 9480원 (600g) ","가격 : 6900원 (1마리) ","가격 : 2680원 (10개) ","가격 : 5980원 (30개) ","가격 : 1980원 (1마리) ","가격 : 5500원 (1마리) ","가격 : 4200원 (1마리) ","","","조사일자;;;;2019-01-17","고등어(생물국산)","사과","배(신고 600g)","배추(2.5~3kg)","무","양파(1.5kg망)","상추","오이(다다기)","호박(인큐베이터)","쇠고기(한우1등급)","돼지고기(생삼겹살)","닭고기","달걀(10개)","달걀(30개)","조기(국산냉동)","명태(냉동수입산)","오징어(생물국산)","","","","1","0","","","2019-01-21 15:36:23.0","2019-01-21 15:36:23.0"
"진흥로 153","은평구 대조동 26-14","126.926370516","37.609131526","100171","PRICE_219","KOR","대조시장","","은평구","대조동","","26","14","","","","가격 : 2000원 (1개) ","가격 : 3000원 (1개) 부가 정보 : 특상품신고","가격 : 2500원 (1포기) ","가격 : 1500원 (1개) 부가 정보 : 제주","가격 : 3000원 (1망) 부가 정보 : 전남","가격 : 500원 (100g) ","가격 : 700원 (1개) ","가격 : 1500원 (1개) ","가격 : 24000원 (600g) 부가 정보 : 협신","가격 : 11800원 (600g) 부가 정보 : 우성","가격 : 5000원 (1kg) 부가 정보 : 하림","가격 : 1330원 (10개) 부가 정보 : 특란","가격 : 4000원 (30개) ","가격 : 2500원 (1마리(22cm)) 부가 정보 : 부세","가격 : 4000원 (1마리(42cm)) ","가격 : 4500원 (1마리(38cm)) ","가격 : 3000원 (1마리(24cm)) ","","","조사일자;;;;2019-01-17","사과(부사)","배","배추(중간)","무","양파(1.5kg망)","상추(100g)","오이(다다기)","호박(인큐베이터)","쇠고기(한우불고기)","돼지고기(삼겹살)","닭고기(육계)","달걀(10개)","달걀(30개)","조기(냉동수입산)","명태(러시아냉동)","오징어(생물국산)","고등어(생물국산)","","","","1","0","","","2019-01-21 15:36:23.0","2019-01-21 15:36:23.0"
"원효로19길 49","용산구 원효로4가 1-1","126.954454418","37.534622525","100171","PRICE_10","KOR","용문시장","","용산구","원효로4가","","1","1","","","","가격 : 1900원 (1개) 부가 정보 : 1팩 2개 3800","가격 : 3400원 (1개) 부가 정보 : 1팩 2개 6800","가격 : 2000원 (1포기 ) ","가격 : 1200원 (1개) ","가격 : 2200원 (1망 15k ) 부가 정보 : 8개입","가격 : 2200원 (100g ) 부가 정보 : 1망 150g 1500","가격 : 900원 (1개) 부가 정보 : 1팩 2개 1800","가격 : 1800원 (1개) 부가 정보 : 논개","가격 : 28200원 (1근 600g (1+)) 부가 정보 : 100g 4700","가격 : 11700원 (1근 600g ) 부가 정보 : 100g 1950","가격 : 6000원 (1마리 12k ) 부가 정보 : 하림닭","가격 : 2900원 (10개) 부가 정보 : 동남자연란","가격 : 5500원 (30개) 부가 정보 : 건강영양란","가격 : 1428원 (1마리 25cm ) 부가 정보 : 1팩 7마리 10000","가격 : 1667원 (1마리 45cm ) 부가 정보 : 1팩 3마리 5000","가격 : 2500원 (1마리 25cm ) 부가 정보 : 1팩 4마리 10000","가격 : 1250원 (1마리 30cm) 부가 정보 : 1팩 4마리 5000","","","조사일자;;;;2019-01-17","사과(부사 300g)","배(신고 600g)","배추(2.5~3kg)","무(1kg)","양파(1.5kg망)","상추","오이(다다기)","애호박","쇠고기(한우불고기)","돼지고기(삼겹살)","닭고기(육계)","달걀(10개)","달걀(30개)","조기(냉동수입산)","명태(러시아냉동)","오징어(냉동수입산)","고등어(30cm수입산)","","","","1","0","","","2019-01-21 15:36:23.0","2019-01-21 15:36:23.0"
"필운대로6길 3","종로구 통인동 44","126.968790488","37.580821073","100171","PRICE_1","KOR","통인시장","","종로구","통인동","","44","","","","","가격 : 2000원 (1 개) ","가격 : 3000원 (1 개) ","가격 : 2500원 (1포기 ) ","가격 : 1500원 (1 개) ","가격 : 3500원 (1망) ","가격 : 500원 (100g) ","가격 : 600원 (1 개) ","가격 : 1500원 (1 개) ","가격 : 22000원 (600g(2등급)) ","가격 : 13000원 (600g) ","가격 : 5000원 (1마리(1kg)) ","가격 : 2000원 (10개) ","가격 : 5000원 (30개) ","가격 : 7000원 (1마리) 부가 정보 : 부세조기반건조","가격 : 10000원 (1마리) ","가격 : 5000원 (1마리) ","가격 : 5000원 (1마리) ","","","조사일자;;;;2019-01-17","사과(부사 300g)","배(신고 600g)","배추(중간)","무(세척무 중)","양파(1.5kg망)","상추(100g)","오이(다다기)","호박","쇠고기(한우불고기)","돼지고기(생삼겹살)","닭고기(육계)","달걀(10개)","달걀(30개)","조기(냉동수입산)","명태(생물수입산)","오징어(생물국산)","고등어(생물국산)","","","","1","0","","","2019-01-21 15:36:23.0","2019-01-21 15:36:23.0"
"동일로204가길 12","노원구 중계동 509-2","127.068589054","37.639910766","100171","PRICE_100","KOR","홈플러스 중계점","","노원구","중계동","","509","2","","","","가격 : 2400원 (1개) 부가 정보 : 부사","가격 : 2598원 (1개) 부가 정보 : 신고배","가격 : 2590원 (1포기) ","가격 : 1390원 (1개) ","가격 : 3190원 (1망) ","가격 : 1580원 (190g) ","가격 : 1190원 (1개) ","가격 : 1990원 (1개) ","가격 : 29940원 (600g) ","가격 : 14100원 (600g) ","가격 : 7990원 (1마리) ","가격 : 2690원 (10개) ","가격 : 5790원 (30개) ","가격 : 3690원 (1마리(20cm)) 부가 정보 : 부세중국산","가격 : 2700원 (1마리(30cm)) 부가 정보 : 러시아","가격 : 4495원 (1마리(25cm)) ","가격 : 3000원 (1마리(30cm)) ","","","조사일자;;;;2019-01-17","사과(부사 300g)","배(신고 600g)","배추(2.5~3kg)","무(1kg)","양파(1.5kg망)","상추","오이(다다기)","애호박","쇠고기(한우불고기)","삼겹살","닭고기(토종닭)","달걀(왕란)","달걀(왕란)","조기(냉동수입산)","명태(냉동수입산)","오징어(생물국산)","고등어(생물국산)","","","","1","0","","","2019-01-21 15:36:23.0","2019-01-21 15:36:23.0"
"목동동로 309","양천구 목동 917-6","126.876068652","37.529378421","100171","PRICE_105","KOR","행복한세상 목동점(하나로마트)","","양천구","목동","","917","6","","","","가격 : 2500원 (1개) 부가 정보 : 안심","가격 : 7000원 (1개) 부가 정보 : 21000원에세개","가격 : 2300원 (1포기) ","가격 : 1550원 (1개) ","가격 : 3580원 (1망) 부가 정보 : 1.5kg햇양파","가격 : 1050원 (100g) 부가 정보 : 1580원150g","가격 : 600원 (1개) 부가 정보 : 1780원3개","가격 : 1280원 (1개) 부가 정보 : 청원","가격 : 24600원 (600g) 부가 정보 : 100g4100원","가격 : 17400원 (600g) 부가 정보 : 도드람100g2900원","가격 : 4300원 (1마리) 부가 정보 : 목우촌","가격 : 4050원 (10개) 부가 정보 : 농협안심 왕란","가격 : 5500원 (1마리(20cm)) 부가 정보 : 부세러시아","가격 : 2500원 (1마리(35cm)) ","가격 : 4425원 (1마리(20cm)) 부가 정보 : 8850두마리","가격 : 2950원 (1마리(30cm)) ","가격 : 9850원 (30개) ","","","조사일자;;;;2017-07-06","사과(부사 300g)","배(신고 600g)","배추(2.5~3kg)","무(1kg)","양파(1.5kg망)","상추(100g)","오이","애호박","쇠고기","돼지고기(생삼겹살)","닭고기","달걀(10개)","조기(국산냉동)","명태(러시아냉동)","오징어(생물국산)","고등어(30cm국산)","달걀(30개)","","","","1","0","","","2019-01-21 15:36:23.0","2019-01-21 15:36:23.0"
"구로동로22길 22","구로구 구로동 733-28","126.885616546","37.489469500","100171","PRICE_108","KOR","남구로시장","","구로구","구로동","","733","28","","","","가격 : 1000원 (1개 ) 부가 정보 : 국내산","가격 : 3000원 (1개 ) 부가 정보 : 국내산","가격 : 2000원 (1포기) 부가 정보 : 국내산","가격 : 1000원 (1개 ) 부가 정보 : 국내산","가격 : 2000원 (1망) 부가 정보 : 국내산","가격 : 750원 (100g) 부가 정보 : 1근3000원","가격 : 670원 (1개 ) 부가 정보 : 국내산","가격 : 1500원 (1개 ) 부가 정보 : 청원","가격 : 30000원 (1개 ) 부가 정보 : 100g5000원","가격 : 12000원 (1개 ) 부가 정보 : 100g2000원","가격 : 5000원 (1개 ) 부가 정보 : 국내산","가격 : 2000원 (10개) 부가 정보 : 국내산","가격 : 4500원 (30개) 부가 정보 : 국내산","가격 : 2000원 (1마리[15cm]) ","가격 : 2500원 (1마리[30cm]) 부가 정보 : 2마리5000","가격 : 3000원 (1마리[25cm]) 부가 정보 : 국내산","가격 : 2500원 (1마리[20cm]) 부가 정보 : 2마리5000","","","조사일자;;;;2019-01-16","사과","배(신고 600g)","배추(2.5~3kg)","무(1kg)","양파(작은망)","상추(100g)","오이","애호박","쇠고기(한우불고기)","돼지고기(생삼겹살)","닭고기(육계)","달걀(10개)","달걀(30개)","조기(국산생물)","명태(러시아냉동)","오징어(냉동국산)","고등어(생물국산)","","","","1","0","","","2019-01-21 15:36:23.0","2019-01-21 15:36:23.0"
"경인로33길 98-3","구로구 고척동 257-12","126.850512228","37.502410386","100171","PRICE_109","KOR","고척근린시장","","구로구","고척동","","257","12","","","","가격 : 750원 (1개) 부가 정보 : 2개1500원","가격 : 1250원 (1개) 부가 정보 : 4개5000원","가격 : 3000원 (1개) 부가 정보 : 국내산","가격 : 2000원 (1포기) 부가 정보 : 국내산","가격 : 1500원 (1개) 부가 정보 : 국내산","가격 : 2000원 (1망) 부가 정보 : 국내산","가격 : 750원 (100g) 부가 정보 : 1근3000원","가격 : 1500원 (1개) 부가 정보 : 논개","가격 : 30000원 (600g) 부가 정보 : 100g5000원","가격 : 13200원 (600g) 부가 정보 : 100g2200원","가격 : 5000원 (1마리) 부가 정보 : 국내산","가격 : 2000원 (10개) 부가 정보 : 국내산","가격 : 4500원 (30개) 부가 정보 : 국내산","가격 : 1000원 (1마리[15cm]) 부가 정보 : 10마리10000원","가격 : 2500원 (1마리[30cm]) 부가 정보 : 2마리5000원","가격 : 3500원 (1마리[25cm]) 부가 정보 : 2마리7000원","가격 : 2500원 (1마리[20cm]) 부가 정보 : 2마리5000원","","","조사일자;;;;2019-01-16","오이","사과","배(신고 600g)","배추(2.5~3kg)","무(1kg)","양파(작은망)","상추(100g)","애호박","쇠고기(한우불고기)","돼지고기(생삼겹살)","닭고기(육계)","달걀(10개)","달걀(30개)","조기(냉동국산)","명태(러시아냉동)","오징어(냉동국산)","고등어(냉동국산)","","","","1","0","","","2019-01-21 15:36:23.0","2019-01-21 15:36:23.0"
"남대문시장길 21","중구 남대문로4가 3-6","126.977094419","37.560236678","100171","PRICE_11","KOR","남대문시장","","중구","남대문로4가","","3","6","","","","가격 : 2000원 (1개) ","가격 : 2000원 (1개) ","가격 : 2500원 (1포기(중간)) ","가격 : 1500원 (1개) ","가격 : 2350원 (1망 1.5kg) ","가격 : 800원 (100g) ","가격 : 750원 (1개) ","가격 : 1550원 (1개) ","가격 : 28000원 (1근) ","가격 : 13500원 (1근) ","가격 : 5000원 (1마리) ","가격 : 2200원 (10개) ","가격 : 4800원 (30개) ","가격 : 3300원 (1마리) ","가격 : 3500원 (1마리) ","가격 : 6000원 (1마리) ","가격 : 2200원 (1마리) ","","","조사일자;;;;2019-01-17","사과(부사 300g)","배(중품)","배추(중간)","무(세척무)","양파(1.5kg망)","상추(100g)","오이(다다기)","호박(인큐베이터)중간","쇠고기(한우불고기)","돼지고기(생삼겹살)","닭고기","달걀(10개)","달걀(30개)","명태(러시아냉동)","조기(냉동수입산)","오징어","고등어","","","","1","0","","","2019-01-21 15:36:23.0","2019-01-21 15:36:23.0"
"새말로 97","구로구 구로동 3-25","126.890302396","37.506970548","100171","PRICE_110","KOR","이마트 신도림점","","구로구","구로동","","3","25","","","","가격 : 1800원 (1마리[20cm]) 부가 정보 : 2마리3600원","가격 : 1596원 (1개) 부가 정보 : 5개7980원얼음골","가격 : 2225원 (1개) 부가 정보 : 4개8900원","가격 : 2480원 (1포기) 부가 정보 : 국내산","가격 : 990원 (1개) 부가 정보 : 제주(행사)","가격 : 2980원 (1망) 부가 정보 : 국내산1.8kg","가격 : 790원 (100g) 부가 정보 : 200g1580원논산양촌","가격 : 993원 (1개 ) 부가 정보 : 3개2980원","가격 : 1890원 (1개) 부가 정보 : 논개","가격 : 24300원 (600g) 부가 정보 : 100g4050원","가격 : 10380원 (600g) 부가 정보 : 100g1730원","가격 : 6380원 (1마리) 부가 정보 : 올품","가격 : 2580원 (10개) 부가 정보 : 난이생생","가격 : 5780원 (30개) 부가 정보 : 알찬란","가격 : 1980원 (1마리[15cm]) 부가 정보 : 5마리9900원","가격 : 4283원 (1마리[30cm]) 부가 정보 : 100g480원","가격 : 3680원 (1마리[25cm]) 부가 정보 : 2마리7360원","","","조사일자;;;;2019-01-16","고등어(생물국산)","사과","배(신고)","배추","무(1kg)","양파","상추(100g)","오이","애호박","쇠고기(한우불고기)","돼지고기(생삼겹살)","닭고기(육계)","달걀(10개)","달걀(30개)","조기(국산냉동)","명태(냉동수입산)","오징어(냉동국산)","","","","1","0","","","2019-01-21 15:36:23.0","2019-01-21 15:36:23.0"
"구로동로20길 14-8","구로구 구로동 736-62","126.885275188","37.488616290","100171","PRICE_112","KOR","애경백화점","","구로구","구로동","","736","62","","","","가격 : 1980원 (1개) 부가 정보 : 5개9900원","가격 : 3300원 (1개) 부가 정보 : 3개9900원","가격 : 2890원 (1포기) 부가 정보 : 국내산","가격 : 990원 (1개) 부가 정보 : 국내산","가격 : 2690원 (1망) 부가 정보 : 국내산","가격 : 662원 (100g) 부가 정보 : 240g1590원","가격 : 900원 (1개) 부가 정보 : 다다기","가격 : 1690원 (1개) 부가 정보 : 논개","가격 : 40800원 (600g) 부가 정보 : 100g6800원","가격 : 14280원 (600g) 부가 정보 : 100g2380원","가격 : 8900원 (1마리) 부가 정보 : 목우촌1000g","가격 : 3500원 (10개) 부가 정보 : 아침계란","가격 : 4990원 (30개) 부가 정보 : 판란","가격 : 2000원 (1마리[15cm]) 부가 정보 : 5마리10000원","가격 : 2950원 (1마리[30cm]) 부가 정보 : 2마리5900원","가격 : 3450원 (1마리[25cm]) 부가 정보 : 2마리6900원","가격 : 5900원 (1마리[20cm]) ","","","조사일자;;;;2019-01-16","사과(부사)","배(신고 600g)","배추(2.5~3kg)","무(1kg)","양파(작은망)","상추(100g)","오이","애호박","쇠고기(한우불고기)","돼지고기(생삼겹살)","닭고기(육계)","달걀(10개)","달걀(30개)","조기(국산생물)","명태(러시아냉동)","오징어(생물국산)","고등어(생물국산)","","","","1","0","","","2019-01-21 15:36:23.0","2019-01-21 15:36:23.0"
"독산로41길 7","금천구 시흥동 856","126.904325931","37.459834614","100171","PRICE_114","KOR","현대시장","","금천구","시흥동","","856","","","","","가격 : 2500원 (1개) 부가 정보 : 국산","가격 : 2000원 (1개) 부가 정보 : 국산","가격 : 3000원 (1개) 부가 정보 : 국산","가격 : 2000원 (1개) 부가 정보 : 국산","가격 : 3500원 (1개) 부가 정보 : 국산","가격 : 500원 (1개) 부가 정보 : 국산","가격 : 500원 (1개) 부가 정보 : 국산","가격 : 1500원 (1개) 부가 정보 : 국산","가격 : 25000원 (1등급(600g)) 부가 정보 : 국산","가격 : 13000원 (1등급(600g)) 부가 정보 : 국산","가격 : 7500원 (1마리(1kg)) 부가 정보 : 국산","가격 : 1500원 (10개) 부가 정보 : 국산","가격 : 4500원 (30개) 부가 정보 : 국산","가격 : 3000원 (1마리(25cm)) 부가 정보 : 중국","가격 : 3000원 (1마리(45cm)) 부가 정보 : 러시아","가격 : 3000원 (1마리(25cm)) 부가 정보 : 국산","가격 : 3000원 (1마리(25cm)) 부가 정보 : 국산","","","조사일자;;;;2019-01-17","사과(부사 300g)","배(신고 600g)","배추(2.5~3kg)","무(1kg)","양파(1.5kg망)","상추(100g)","오이(다다기)","호박(인큐베이터)","쇠고기(한우불고기)","돼지고기(생삼겹살)","닭고기(육계)","달걀(10개)","달걀(30개)","조기(냉동수입산)","명태(러시아냉동)","오징어(생물국산)","고등어(생물국산)","","","","1","0","","","2019-01-21 15:36:23.0","2019-01-21 15:36:23.0"
"시흥대로144길 17","금천구 독산동 984-10","126.900409629","37.473765908","100171","PRICE_115","KOR","남문시장","","금천구","독산동","","984","10","","","","가격 : 2500원 (1개) 부가 정보 : 국산","가격 : 3000원 (1개) 부가 정보 : 국산","가격 : 3000원 (1개) 부가 정보 : 국산","가격 : 1500원 (1개) 부가 정보 : 국산","가격 : 3000원 (1개) 부가 정보 : 국산","가격 : 500원 (1개) 부가 정보 : 국산","가격 : 500원 (1개) 부가 정보 : 국산","가격 : 1000원 (1개) 부가 정보 : 국산","가격 : 24000원 (1등급(600g)) 부가 정보 : 국산","가격 : 12000원 (1등급(600g)) 부가 정보 : 국산","가격 : 6500원 (1마리(1kg)) 부가 정보 : 국산","가격 : 1500원 (10개) 부가 정보 : 국산","가격 : 4500원 (30개) 부가 정보 : 국산","가격 : 2000원 (1마리(25cm)) 부가 정보 : 중국","가격 : 2500원 (1마리(45cm)) 부가 정보 : 러시아","가격 : 3000원 (1마리(25cm)) 부가 정보 : 국산","가격 : 3000원 (1마리(25cm)) 부가 정보 : 국산","","","조사일자;;;;2019-01-17","사과(부사 300g)","배(신고 600g)","배추(2.5~3kg)","무(1kg)","양파(1.5kg망)","상추(100g)","오이(다다기)","호박(인큐베이터)","쇠고기(한우불고기)","돼지고기(생삼겹살)","닭고기(육계)","달걀(10개)","달걀(30개)","조기(냉동수입산)","명태(러시아냉동)","오징어(생물국산)","고등어(생물국산)","","","","1","0","","","2019-01-21 15:36:23.0","2019-01-21 15:36:23.0"
"시흥대로 201","금천구 시흥동 992-47","126.900774493","37.451902655","100171","PRICE_116","KOR","홈플러스 시흥점","","금천구","시흥동","","992","47","","","","가격 : 1090원 (1개) 부가 정보 : 국산","가격 : 4300원 (1개) 부가 정보 : 국산","가격 : 2490원 (1개) 부가 정보 : 국산","가격 : 1490원 (1개) 부가 정보 : 국산","가격 : 2990원 (1개) 부가 정보 : 국산","가격 : 500원 (1개) 부가 정보 : 국산","가격 : 750원 (1개) 부가 정보 : 국산","가격 : 1690원 (1개) 부가 정보 : 국산","가격 : 25140원 (1등급(600g)) 부가 정보 : 농협안심한우","가격 : 16740원 (1등급(600g)) 부가 정보 : 국산","가격 : 5000원 (1마리(1kg)) 부가 정보 : 국산","가격 : 2690원 (10개) 부가 정보 : 국산","가격 : 5490원 (30개) 부가 정보 : 국산","가격 : 3690원 (1마리(25cm)) 부가 정보 : 중국","가격 : 3500원 (1마리(45cm)) 부가 정보 : 캐나다","가격 : 3790원 (1마리(25cm)) 부가 정보 : 국산","가격 : 1990원 (1마리(25cm)) 부가 정보 : 노르웨이","","","조사일자;;;;2019-01-17","사과(부사 300g)","배(신고 600g)","배추(2.5~3kg)","무(1kg)","양파(1.5kg망)","상추(100g)","오이(다다기)","호박(인큐베이터)","쇠고기(한우불고기)","돼지고기(생삼겹살)","닭고기(육계)","달걀(10개)","달걀(30개)","조기(냉동수입산)","명태(냉동수입산)","오징어(생물국산)","고등어(30cm수입산)","","","","1","0","","","2019-01-21 15:36:23.0","2019-01-21 15:36:23.0"
"망원로8길 13","마포구 망원동 414-49","126.905958600","37.556922451","100171","PRICE_120","KOR","망원시장","","마포구","망원동","","414","49","","","","가격 : 1670원 (1개(300g)) 부가 정보 : 꿀사과(3개)5000원","가격 : 3000원 (1개(600g)) 부가 정보 : 황배","가격 : 2000원 (1통) 부가 정보 : 국내(1망3개6000원)","가격 : 1000원 (1개) 부가 정보 : 세척무","가격 : 2000원 (1망(1.5kg)) 부가 정보 : 국내","가격 : 500원 (1봉지(100g)) 부가 정보 : 적상추","가격 : 500원 (1개) 부가 정보 : 다다기오이","가격 : 1500원 (1개) 부가 정보 : 인큐애호박","가격 : 27000원 (600g(1+한우)) 부가 정보 : 농협한우","가격 : 12600원 (600g) 부가 정보 : 보성녹차먹인삼겹살","가격 : 7000원 (1마리(1.2kg)) 부가 정보 : 하림(11호)","가격 : 1600원 (10개) 부가 정보 : 특란","가격 : 4800원 (30개) 부가 정보 : 특란","가격 : 3330원 (1마리(28cm)) 부가 정보 : 중국부세","가격 : 5000원 (1마리(32cm)) 부가 정보 : 러시아","가격 : 3330원 (1마리(30cm)) 부가 정보 : 국내","가격 : 2500원 (1마리(30cm)) 부가 정보 : 국내","","","조사일자;;;;2019-01-17","사과(부사 300g)","배(신고 600g)","배추(2.5~3kg)","무(1kg)","양파(1.5kg망)","상추","오이(다다기)","애호박","쇠고기(한우불고기)","돼지고기(생삼겹살)","닭고기(육계)","달걀(10개)","달걀(30개)","조기(냉동수입산)","명태(러시아냉동)","오징어(냉동국산)","고등어(생물국산)","","","","1","0","","","2019-01-21 15:36:23.0","2019-01-21 15:36:23.0"
"월드컵로 235","마포구 성산동 533-1","126.898471782","37.564989194","100171","PRICE_121","KOR","마포농수산물시장","","마포구","성산동","","533","1","","","","가격 : 1430원 (1개(300g0) 부가 정보 : 부사(7개10000원)","가격 : 3330원 (1개(600g)) 부가 정보 : 나주(3개10000원)","가격 : 2000원 (1통) 부가 정보 : 국내(1망6000원)","가격 : 1500원 (1개) 부가 정보 : 제주","가격 : 2000원 (1망(1.3kg)) 부가 정보 : 국내","가격 : 500원 (1봉지(100g)) 부가 정보 : 적상추","가격 : 670원 (1개) 부가 정보 : 다다기오이(3개2000원)","가격 : 1500원 (1개) 부가 정보 : 인큐애호박","가격 : 27000원 (600g(1+한우)) 부가 정보 : 토종한우","가격 : 11900원 (600g) 부가 정보 : 토종암돼지삼겹살","가격 : 7500원 (1마리(1.2kg)) 부가 정보 : 하림(11호)","가격 : 1230원 (10개) 부가 정보 : 특란","가격 : 3400원 (30개) 부가 정보 : 특란","가격 : 3330원 (1마리(28cm)) 부가 정보 : 중국산부세","가격 : 2500원 (1마리(30cm)) 부가 정보 : 러시아","가격 : 5000원 (1마리(30cm)) 부가 정보 : 국내","가격 : 3330원 (1마리(30cm)) 부가 정보 : 국내","","","조사일자;;;;2019-01-17","사과(부사 300g)","배(신고 600g)","배추(2.5~3kg)","무(1kg)","양파(1.5kg망)","상추","오이(다다기)","애호박","쇠고기(한우불고기)","돼지고기(생삼겹살)","닭고기(육계)","달걀(10개)","달걀(30개)","조기(냉동수입산)","명태(러시아냉동)","오징어(냉동국산)","고등어(생물국산)","","","","1","0","","","2019-01-21 15:36:23.0","2019-01-21 15:36:23.0"
"신촌로 94","마포구 노고산동 57-1","126.935952156","37.555121852","100171","PRICE_122","KOR","그랜드마트 신촌점","","마포구","노고산동","","57","1","","","","가격 : 1600원 (1개(300g)) 부가 정보 : 햇사과","가격 : 2000원 (1개(600g)) 부가 정보 : 알뜰배","가격 : 6980원 (1통) 부가 정보 : 햇배추","가격 : 3280원 (1개) 부가 정보 : 햇무","가격 : 2480원 (1망(1.3kg)) 부가 정보 : 무안","가격 : 2980원 (1봉지(140g)) 부가 정보 : 적상추","가격 : 990원 (1개) 부가 정보 : 다다기오이","가격 : 2480원 (1개) 부가 정보 : 애호박","가격 : 29880원 (600g(1+등급한우)) 부가 정보 : 농협안심한우","가격 : 13080원 (600g) 부가 정보 : 농협일품포크삼겹살","가격 : 3980원 (1마리(500g)) 부가 정보 : 하림","가격 : 2380원 (10개) 부가 정보 : 신선란","가격 : 5380원 (30개) 부가 정보 : 신선특란","가격 : 6500원 (1마리(28cm)) 부가 정보 : 중국산(부세)","가격 : 3500원 (1마리(30cm)) 부가 정보 : 러시아","가격 : 6000원 (1마리(28cm)) 부가 정보 : 국내","가격 : 5000원 (1마리(28cm)) 부가 정보 : 국내","","","조사일자;;;;2018-09-20","사과(부사 300g)","배(신고 600g)","배추(2.5~3kg)","무(1kg)","양파(1.5kg망)","상추","오이(다다기)","애호박","쇠고기(한우불고기)","돼지고기(생삼겹살)","닭고기(육계)","달걀(10개)","달걀(30개)","조기(냉동수입산)","명태(러시아냉동)","오징어(냉동국산)","고등어(생물국산)","","","","1","0","","","2019-01-21 15:36:23.0","2019-01-21 15:36:23.0"
"월드컵로 240","마포구 성산동 527-15","126.898227500","37.567570800","100171","PRICE_123","KOR","홈플러스 월드컵점","","마포구","성산동","","527","15","","","","가격 : 1500원 (1개(300g)) 부가 정보 : 사과","가격 : 3330원 (1개(600g)) 부가 정보 : 맛이예쁜배","가격 : 2590원 (1통) 부가 정보 : 국내","가격 : 1390원 (1개) 부가 정보 : 세척무","가격 : 3190원 (1망(중)) 부가 정보 : 국내","가격 : 1690원 (1봉지(160g)) 부가 정보 : 적상추","가격 : 1160원 (1개) 부가 정보 : 다다기오이","가격 : 1490원 (1개) 부가 정보 : 인큐애호박","가격 : 23960원 (600g(1+한우)) 부가 정보 : 안심한우","가격 : 7740원 (600g) 부가 정보 : 일품포크","가격 : 6790원 (1마리(850g)) 부가 정보 : 친환경황금닭(9호)","가격 : 2690원 (10개) 부가 정보 : 신선란","가격 : 5790원 (30개) 부가 정보 : 신선특란","가격 : 2690원 (1마리(28cm)) 부가 정보 : 중국부세","가격 : 3990원 (1마리(30cm)) 부가 정보 : 러시아","가격 : 3790원 (1마리(.30cm)) 부가 정보 : 국내","가격 : 2250원 (1마리(30cm)) 부가 정보 : 국내","","","조사일자;;;;2019-01-17","사과(부사 300g)","배(신고 600g)","배추(2.5~3kg)","무(1kg)","양파(1.5kg망)","상추","오이(다다기)","애호박","쇠고기(한우불고기)","돼지고기(생삼겹살)","닭고기(육계)","달걀(10개)","달걀(30개)","조기(냉동수입산)","명태(냉동수입산)","오징어(냉동국산)","고등어(생물국산)","","","","1","0","","","2019-01-21 15:36:23.0","2019-01-21 15:36:23.0"
"동작대로 129","동작구 사당동 88-4","126.981863603","37.488288809","100171","PRICE_127","KOR","남성시장","","동작구","사당동","","88","4","","","","가격 : 1000원 (1개) 부가 정보 : 청송","가격 : 2000원 (1개) 부가 정보 : 나주","가격 : 2330원 (1포기) 부가 정보 : 국내산","가격 : 2000원 (1개) 부가 정보 : 국내산","가격 : 2000원 (1kg) 부가 정보 : 무안","가격 : 620원 (100g) 부가 정보 : 국내산","가격 : 900원 (1개) 부가 정보 : 국내산","가격 : 1500원 (1개) 부가 정보 : 진주","가격 : 18000원 (600g) 부가 정보 : 2등급국내산","가격 : 12800원 (600g) 부가 정보 : 국내산","가격 : 4000원 (1kg) 부가 정보 : 체리브로","가격 : 2500원 (10개) 부가 정보 : 특란","가격 : 4500원 (30개) 부가 정보 : 왕란","가격 : 2000원 (1마리) 부가 정보 : 중국산","가격 : 2500원 (1마리) 부가 정보 : 러시아산","가격 : 4000원 (1마리) 부가 정보 : 국내산","가격 : 2000원 (1마리) 부가 정보 : 국내산","","","조사일자;;;;2019-01-17","사과(부사 300g)","배(신고 600g)","배추(2.5~3kg)","무(1kg)","양파","상추(100g)","오이(다다기)","호박(인큐베이터)","쇠고기(한우1등급)","돼지고기(생삼겹살)","닭고기(육계)","달걀(10개)","달걀(30개)","조기(냉동수입산)","명태(러시아냉동)","오징어(냉동국산)","고등어(생물국산)","","","","1","0","","","2019-01-21 15:36:23.0","2019-01-21 15:36:23.0"
"동작대로 115","동작구 사당동 136-1","126.981586487","37.486869363","100171","PRICE_129","KOR","태평백화점","","동작구","사당동","","136","1","","","","가격 : 1240원 (1개) 부가 정보 : 부사","가격 : 2240원 (1개) 부가 정보 : 나주","가격 : 1980원 (1포기) 부가 정보 : 국내산","가격 : 980원 (1개) 부가 정보 : 국내산","가격 : 1580원 (1kg) 부가 정보 : 무안","가격 : 1580원 (100g) 부가 정보 : 남양주","가격 : 660원 (1개) 부가 정보 : 국내산","가격 : 1580원 (1개) 부가 정보 : 진주","가격 : 29280원 (600g) 부가 정보 : 1+국내산","가격 : 7680원 (600g) 부가 정보 : 국내산","가격 : 7980원 (1kg) 부가 정보 : 체리브로","가격 : 1980원 (10개) 부가 정보 : 특란할인","가격 : 4950원 (30개) 부가 정보 : 신선란","가격 : 1760원 (1마리) 부가 정보 : 국내산","가격 : 0원 (1마리) 부가 정보 : 없음","가격 : 4000원 (1마리) 부가 정보 : 국내산","가격 : 3330원 (1마리) 부가 정보 : 국내산","","","조사일자;;;;2019-01-17","사과(부사 300g)","배(신고 600g)","배추(2.5~3kg)","무(1kg)","양파","상추(100g)","오이(다다기)","호박(인큐베이터)","쇠고기(한우1등급)","돼지고기(생삼겹살)","닭고기(육계)","달걀(10개)","달걀(30개)","조기(생물국산)","명태(러시아냉동)","오징어(생물국산)","고등어(생물국산)","","","","1","0","","","2019-01-21 15:36:23.0","2019-01-21 15:36:23.0"
"동소문로18길 12-3","성북구 동소문동5가 59-1","127.015695916","37.591660863","100171","PRICE_13","KOR","돈암제일시장","","성북구","동소문동5가","","59","1","","","","가격 : 2500원 (1개) 부가 정보 : 부사 2개 5000원","가격 : 3000원 (1개) 부가 정보 : 신고 2개 6000원","가격 : 1666원 (1포기) 부가 정보 : 국내 3입 망 5000원","가격 : 1000원 (1개) 부가 정보 : 국내","가격 : 2000원 (1.5kg) 부가 정보 : 국내","가격 : 400원 (100g) 부가 정보 : 국내 250g 1000원","가격 : 625원 (1개) 부가 정보 : 국내 4개 2500원","가격 : 1500원 (1개) 부가 정보 : 국내","가격 : 25000원 (600g) 부가 정보 : 국내","가격 : 13500원 (600g) 부가 정보 : 국내","가격 : 5500원 (1kg) 부가 정보 : 국내","가격 : 0원 (10개) 부가 정보 : 입고안됨","가격 : 4000원 (30개) 부가 정보 : 국내","가격 : 3333원 (1마리) 부가 정보 : 부세","가격 : 4000원 (1마리) 부가 정보 : 러시아","가격 : 3333원 (1마리) 부가 정보 : 국내 생","가격 : 6000원 (1마리) 부가 정보 : 국내 생 ","","","조사일자;;;;2019-01-17","사과(부사 300g)","배(신고 600g)","배추(2.5~3kg)","무","양파(1.5kg망)","상추(100g)","오이(다다기)","애호박","쇠고기(한우1등급)","돼지고기(삼겹살)","닭고기(육계)","달걀(10개)","달걀(30개)","조기(국산생물)","명태(러시아냉동)","오징어(생물국산)","고등어(생물국산)","","","","1","0","","","2019-01-21 15:36:23.0","2019-01-21 15:36:23.0"
"경인로 846","영등포구 영등포동 618-496","126.907331362","37.515912903","100171","PRICE_130","KOR","롯데백화점 영등포점","","영등포구","영등포동","","618","496","","","","가격 : 2000원 (1개) 부가 정보 : 부사","가격 : 10000원 (1개) 부가 정보 : 나주","가격 : 0원 (1포기) 부가 정보 : 없음","가격 : 4900원 (1개) 부가 정보 : 국내산","가격 : 4950원 (1kg) 부가 정보 : 영천","가격 : 2480원 (100g) 부가 정보 : 양평","가격 : 1450원 (1개) 부가 정보 : 국내산","가격 : 2900원 (1개) 부가 정보 : 광양","가격 : 35400원 (600g) 부가 정보 : 1++국내산","가격 : 20820원 (600g) 부가 정보 : 선진포크국내산","가격 : 8800원 (830g) 부가 정보 : 하림","가격 : 7900원 (10개) 부가 정보 : 평사유정란","가격 : 7900원 (30개) 부가 정보 : HS FARM774VD4","가격 : 7500원 (1마리) 부가 정보 : 중국산","가격 : 3250원 (1마리) 부가 정보 : 러시아산","가격 : 3260원 (1마리) 부가 정보 : 국내산","가격 : 6500원 (1마리) 부가 정보 : 국내산","","","조사일자;;;;2019-01-17","사과(부사 300g)","배(신고 600g)","배추(2.5~3kg)","무(세척무)","양파(작은망)","상추(100g)","오이(다다기)","호박(인큐베이터)","쇠고기(한우1등급)","돼지고기(생삼겹살)","닭고기(육계)","달걀(10개)","달걀(30개)","조기(냉동수입산)","명태(냉동수입산)","오징어(생물국산)","고등어(생물국산)","","","","1","0","","","2019-01-21 15:36:23.0","2019-01-21 15:36:23.0"
"남부순환로248길 35","관악구 봉천동 1638-20","126.965889932","37.474413850","100171","PRICE_133","KOR","원당종합시장","","관악구","봉천동","","1638","20","","","","가격 : 2000원 (1개) 부가 정보 : 경북5개1만","가격 : 3000원 (1개) ","가격 : 3000원 (1개) ","가격 : 2000원 (1개) ","가격 : 3000원 (1망(8입)) ","가격 : 750원 (100g) 부가 정보 : 400g3000","가격 : 666원 (1개) 부가 정보 : 3개2000","가격 : 1500원 (1개 ) 부가 정보 : 논개","가격 : 33000원 (600g) 부가 정보 : 음성100g5500","가격 : 12000원 (600g) 부가 정보 : 음성100g2000","가격 : 6500원 (1050g) 부가 정보 : 마니커11호","가격 : 2000원 (10개) 부가 정보 : 건강란","가격 : 5500원 (30개) 부가 정보 : 신선왕란","가격 : 1500원 (1마리(18cm) 부가 정보 : 10마리15000","가격 : 2000원 (1마리(44cm) ","가격 : 2000원 (1마리(21cm-몸통만) ","가격 : 1666원 (1마리(30) 부가 정보 : 3마리5000","","","조사일자;;;;2019-01-17","사과(부사 300g)","배(신고 600g)","배추(2.5~3kg)","무(1kg)","양파(1.5kg망)","상추(100g)","오이(다다기)","호박(인큐베이터)","쇠고기(한우1등급)","돼지고기(생삼겹살)","닭고기(육계)","달걀(10개)","달걀(30개)","조기(국산냉동)","명태(냉동수입산)","오징어(생물국산)","고등어(냉동국산)","","","","1","0","","","2019-01-21 15:36:23.0","2019-01-21 15:36:23.0"
"신원로3길 20-3","관악구 신림동 1599-3","126.927359370","37.482067408","100171","PRICE_134","KOR","신원시장(신림1동)","","관악구","신림동","","1599","3","","","","가격 : 2000원 (1개) 부가 정보 : 청송","가격 : 3333원 (1개) 부가 정보 : 3개1만","가격 : 2333원 (1개) 부가 정보 : 1망7000","가격 : 1500원 (1개) ","가격 : 4000원 (1망(8입)) ","가격 : 500원 (100g) 부가 정보 : 400g2000","가격 : 500원 (1개) 부가 정보 : 4개2000","가격 : 1500원 (1개) 부가 정보 : 논개","가격 : 30000원 (600g) 부가 정보 : 음성100g5000","가격 : 15000원 (600g) 부가 정보 : 음성100g2500","가격 : 7500원 (1마리) 부가 정보 : 하림","가격 : 3000원 (10개) 부가 정보 : 자연란","가격 : 5500원 (30개) 부가 정보 : 왕란","가격 : 1000원 (1마리(16cm) 부가 정보 : 참조기10마리 1만","가격 : 3000원 (1마리(44cm) ","가격 : 2500원 (1마리(20cm-몸통만) 부가 정보 : 2마리5000","가격 : 1666원 (1마리(30cm) 부가 정보 : 3마리5000","","","조사일자;;;;2019-01-17","사과(부사 300g)","배(신고 600g)","배추(2.5~3kg)","무(1kg)","양파(1.5kg망)","상추(100g)","오이(다다기)","애호박","쇠고기(한우불고기)","돼지고기(생삼겹살)","닭고기(육계)","달걀(10개)","달걀(30개)","조기(국산냉동)","명태(러시아냉동)","오징어(생물국산)","고등어(냉동국산)","","","","1","0","","","2019-01-21 15:36:23.0","2019-01-21 15:36:23.0"
"연세로 50","서대문구 신촌동 134","126.939114044","37.564860815","100171","PRICE_135","KOR","롯데백화점 관악점","","서대문구","신촌동","","134","","","","","가격 : 1428원 (1개) 부가 정보 : 푸룸7개1만","가격 : 3333원 (1개) 부가 정보 : 3개1만","가격 : 4980원 (1개) ","가격 : 3980원 (1개) ","가격 : 3980원 (1망(8입)) ","가격 : 2580원 (100g) ","가격 : 1490원 (1개) 부가 정보 : 2개2980","가격 : 2980원 (1개) 부가 정보 : 논개","가격 : 33000원 (600g) 부가 정보 : 청풍명월100g5500","가격 : 19800원 (600g) 부가 정보 : 제주돼지100g3300","가격 : 10000원 (830g) 부가 정보 : 하림","가격 : 3980원 (10개) 부가 정보 : 자연란","가격 : 5980원 (30개) 부가 정보 : 자연란","가격 : 8000원 (1마리(23cm) 부가 정보 : 백조기","가격 : 5900원 (1마리(44cm) ","가격 : 3950원 (1마리(20cm) 부가 정보 : 2마리7900","가격 : 5900원 (1마리(31cm) ","","","조사일자;;;;2019-01-17","사과(부사 300g)","배(신고 600g)","배추(2.5~3kg)","무(1kg)","양파(1.5kg망)","상추(100g)","오이(다다기)","애호박","쇠고기(한우불고기)","돼지고기(생삼겹살)","닭고기(육계)","달걀(10개)","달걀(30개)","조기(국산생물)","명태(러시아냉동)","오징어(생물국산)","고등어(생물국산)","","","","1","0","","","2019-01-21 15:36:23.0","2019-01-21 15:36:23.0"
"난곡로 220","관악구 신림동 607-73","126.917934398","37.474323948","100171","PRICE_136","KOR","세이브 마트","","관악구","신림동","","607","73","","","","가격 : 3990원 (1개) 부가 정보 : 상품2개7980","가격 : 4980원 (1개) ","가격 : 2000원 (1개) ","가격 : 1500원 (1개) ","가격 : 3000원 (1망(8입)) ","가격 : 600원 (100g) ","가격 : 1200원 (1개) 부가 정보 : 2개2400","가격 : 2000원 (1개) 부가 정보 : 빛그린진상","가격 : 30000원 (600g) 부가 정보 : 음성100g5000","가격 : 13800원 (600g) 부가 정보 : 음성100g2300","가격 : 8500원 (1050g) 부가 정보 : 하림11호","가격 : 2380원 (10개) 부가 정보 : 참한위생란","가격 : 3980원 (30개) 부가 정보 : 시골계란(특)세일","가격 : 1650원 (1마리(16cm) 부가 정보 : 참조기6마리9900","가격 : 3000원 (1마리(43cm) 부가 정보 : 수입","가격 : 4450원 (1마리(23cm-몸통만) 부가 정보 : 2마리8900","가격 : 6000원 (1마리(31cm) ","","","조사일자;;;;2019-01-17","사과(부사 300g)","배(신고 600g)","배추(2.5~3kg)","무(1kg)","양파(1.5kg망)","상추(100g)","오이(다다기)","애호박","쇠고기(한우불고기)","돼지고기(생삼겹살)","닭고기(육계)","달걀(10개)","달걀(30개)","조기(국산생물)","명태(러시아냉동)","오징어(생물국산)","고등어(생물국산)","","","","1","0","","","2019-01-21 15:36:23.0","2019-01-21 15:36:23.0"
"여의동로3길 10","영등포구 여의도동 47","126.926018964","37.518168664","100171","PRICE_22","KOR","이마트 여의도점","","영등포구","여의도동","","47","","","","","가격 : 1796원 (1개) 부가 정보 : 5/8980","가격 : 2495원 (1개) 부가 정보 : 4/9980","가격 : 2480원 (1포기) ","가격 : 1280원 (1개) ","가격 : 2980원 (1망 ) 부가 정보 : 1.8k","가격 : 990원 (1봉 ) ","가격 : 850원 (1개) ","가격 : 1390원 (1개) ","가격 : 31800원 (600g) 부가 정보 : 100/5300","가격 : 9480원 (600g) 부가 정보 : 100/1580","가격 : 7300원 (1kg) 부가 정보 : 하림","가격 : 2580원 (10개) ","가격 : 5780원 (30개) ","가격 : 1980원 (1마리) 부가 정보 : 작은것","가격 : 5500원 (1마리 ) ","가격 : 4280원 (1마리) 부가 정보 : 생물","가격 : 2780원 (1마리) ","","","조사일자;;;;2019-01-17","사과","배","배추","무","양파","상추","오이(다다기)","애호박","쇠고기(한우1등급)","돼지고기(생삼겹살)","닭고기","달걀(10개)","달걀(30개)","조기","명태(45cm수입산)","오징어(생물국산)","고등어(생물국산)","","","","1","0","","","2019-01-21 15:36:23.0","2019-01-21 15:36:23.0"
"장월로12길 41-1","성북구 장위동 68-225","127.050674039","37.612060675","100171","PRICE_14","KOR","장위골목시장","","성북구","장위동","","68","225","","","","가격 : 2596원 (1개) 부가 정보 : 부사 520g 4500원","가격 : 3913원 (1개) 부가 정보 : 신고 736g 4800원","가격 : 2333원 (1포기) 부가 정보 : 국내 3입 망 7000원 ","가격 : 1350원 (1개) 부가 정보 : 제주","가격 : 2458원 (1.5kg) 부가 정보 : 국내 1800g 2950원 ","가격 : 600원 (100g) 부가 정보 : 국내 250g 1500원 ","가격 : 783원 (1개) 부가 정보 : 국내 3개 2350원","가격 : 1500원 (1개) 부가 정보 : 국내","가격 : 25900원 (600g) 부가 정보 : 국내","가격 : 13000원 (600g) 부가 정보 : 국내","가격 : 5500원 (1.5kg) 부가 정보 : 국내","가격 : 3400원 (10개) 부가 정보 : 영양란","가격 : 4500원 (30개) 부가 정보 : 국내","가격 : 2500원 (1마리) 부가 정보 : 부세","가격 : 3000원 (1마리) 부가 정보 : 러시아","가격 : 2500원 (1마리) 부가 정보 : 국내","가격 : 3000원 (1마리) 부가 정보 : 국내","","","조사일자;;;;2019-01-17","사과(부사 300g)","배(신고 600g)","배추(2.5~3kg)","무","양파(1.5kg망)","상추","오이(다다기)","애호박","쇠고기(한우불고기)","돼지고기(생삼겹살)","닭고기(육계)","달걀(10개)","달걀(30개)","조기(국산생물)","명태(러시아냉동)","오징어(생물국산)","고등어(생물국산)","","","","1","0","","","2019-01-21 15:36:23.0","2019-01-21 15:36:23.0"
"청계산로 10","서초구 양재동 230","127.043852765","37.462796634","100171","PRICE_140","KOR","하나로클럽 양재점","","서초구","양재동","","230","","","","","가격 : 1800원 (1개) ","가격 : 3500원 (1개) ","가격 : 1780원 (1포기) ","가격 : 1480원 (1개) 부가 정보 : 세척무","가격 : 2780원 (1망) ","가격 : 1380원 (1봉 150g) ","가격 : 1060원 (1개) ","가격 : 1580원 (1개) ","가격 : 31080원 (600g) 부가 정보 : 1등급","가격 : 9600원 (600g) ","가격 : 10090원 (1kg) 부가 정보 : 하림닭볶음탕용","가격 : 2930원 (10개) ","가격 : 4580원 (30개) ","가격 : 6900원 (1마리) 부가 정보 : 백조기 21cm","가격 : 5900원 (1kg) 부가 정보 : 절단동태","가격 : 6900원 (2마리) 부가 정보 : 25cm","가격 : 5900원 (1마리) 부가 정보 : 손질고등어 23cm","","","조사일자;;;;2019-01-17","사과(부사)중급(대)","배(신고)중급(대)","배추(2.5~3kg)","무","양파(1.5kg망)","상추","오이(다다기)","호박(인큐베이터)","쇠고기(한우불고기)","돼지고기(생삼겹살)","닭고기(육계)","달걀(왕란)","달걀(왕란)","조기(국산생물)","명태(러시아냉동)","오징어(생물국산)","고등어(생물국산)","","","","1","0","","","2019-01-21 15:36:23.0","2019-01-21 15:36:23.0"
"마천로45길 23","송파구 마천동 140-2","127.150567526","37.498293344","100171","PRICE_145","KOR","마천중앙시장","","송파구","마천동","","140","2","","","","가격 : 2000원 (300g) ","가격 : 3000원 (600g) ","가격 : 3000원 (2.5kg) ","가격 : 1500원 (1kg) ","가격 : 3000원 (1.5kg) ","가격 : 700원 (100g) ","가격 : 780원 (1개) ","가격 : 1500원 (1개) ","가격 : 31000원 (600g 1+급) ","가격 : 10800원 (600g ) ","가격 : 7500원 (1050g) ","가격 : 3200원 (10개) ","가격 : 4500원 (30개) ","가격 : 3000원 (1마리) 부가 정보 : 중국산","가격 : 4000원 (1마리) ","가격 : 4500원 (1마리) ","가격 : 4000원 (1마리) ","","","조사일자;;;;2019-01-17","사과(부사 300g)","배(신고 600g)","배추(2.5~3kg)","무","양파(1.5kg망)","상추(100g)","오이(다다기)","호박(인큐베이터)","쇠고기(한우불고기)","돼지고기(생삼겹살)","닭고기(육계)","달걀(10개)","달걀(30개)","조기(냉동국산)","명태(러시아냉동)","오징어(냉동국산)","고등어(생물국산)","","","","1","0","","","2019-01-21 15:36:23.0","2019-01-21 15:36:23.0"
"백제고분로 474","송파구 방이동 1","127.113816292","37.512636977","100171","PRICE_146","KOR","방이시장","","송파구","방이동","","1","","","","","가격 : 2000원 (300g) ","가격 : 3000원 (600g) ","가격 : 2000원 (2.5kg) ","가격 : 1000원 (1.kg) ","가격 : 3000원 (1.5kg) ","가격 : 700원 (100g) ","가격 : 700원 (1개) ","가격 : 1500원 (1개) ","가격 : 29000원 (600g ) ","가격 : 12800원 (600g ) ","가격 : 7500원 (1050g) ","가격 : 2700원 (10개) ","가격 : 4000원 (30개) ","가격 : 3000원 (1마리) 부가 정보 : 중국산","가격 : 4000원 (1마리) ","가격 : 4500원 (1마리) ","가격 : 3500원 (1마리) ","","","조사일자;;;;2019-01-17","사과(부사 300g)","배(신고 600g)","배추(2.5~3kg)","무(1kg)","양파(1.5kg망)","상추(100g)","오이(다다기)","호박(인큐베이터)","쇠고기(한우불고기)","돼지고기(생삼겹살)","닭고기","달걀(10개)","달걀(30개)","냉동참조기(20cm국산)","명태","오징어","고등어","","","","1","0","","","2019-01-21 15:36:23.0","2019-01-21 15:36:23.0"
"올림픽로 240","송파구 잠실동 40-1","127.097929071","37.511283782","100171","PRICE_147","KOR","롯데백화점 잠실점","","송파구","잠실동","","40","1","","","","가격 : 2500원 (300g) ","가격 : 6800원 (600g) ","가격 : 0원 (2.5kg) ","가격 : 2450원 (1.kg) ","가격 : 5500원 (1.5kg) ","가격 : 1980원 (100g) ","가격 : 780원 (1개) ","가격 : 2900원 (1개) ","가격 : 52800원 (600g 1+급) ","가격 : 25740원 (600g) ","가격 : 11700원 (1050g) ","가격 : 6500원 (10개) ","가격 : 0원 (30개) ","가격 : 12000원 (1마리) 부가 정보 : 냉동국산","가격 : 0원 (1마리) ","가격 : 10000원 (1마리) ","가격 : 12000원 (1마리) ","","","조사일자;;;;2019-01-17","사과(부사 300g)","배(신고 600g)","배추(2.5~3kg)","무(1kg)","양파(1.5kg망)","상추(100g)","오이(다다기)","호박(인큐베이터)","쇠고기(한우불고기)","돼지고기(생삼겹살)","닭고기","달걀(10개)","달걀(30개)","냉동참조기(20cm국산)","명태","오징어","고등어","","","","1","0","","","2019-01-21 15:36:23.0","2019-01-21 15:36:23.0"
"올림픽로35가길 16","송파구 신천동 7-12","127.103020331","37.516251373","100171","PRICE_148","KOR","홈플러스 잠실점","","송파구","신천동","","7","12","","","","가격 : 1798원 (300g) ","가격 : 4997원 (600g) ","가격 : 2590원 (2.5kg) ","가격 : 1390원 (1kg) ","가격 : 3190원 (1.5kg) ","가격 : 795원 (100g) ","가격 : 1190원 (1개) ","가격 : 1990원 (1개) ","가격 : 29940원 (600g 1+급) ","가격 : 8940원 (600g ) ","가격 : 7990원 (1050g) ","가격 : 2690원 (10개) ","가격 : 3790원 (30개) 부가 정보 : 행사","가격 : 3690원 (1마리) ","가격 : 2495원 (1마리) ","가격 : 4490원 (1마리) ","가격 : 2490원 (1마리) 부가 정보 : 노르웨이 해동","","","조사일자;;;;2019-01-17","사과(부사 300g)","배(신고 600g)","배추(2.5~3kg)","무","양파(1.5kg망)","상추(100g)","오이(다다기)","호박(인큐베이터)","쇠고기(한우불고기)","돼지고기(생삼겹살)","닭고기(육계)","달걀(10개)","달걀(30개)","조기(냉동국산)","명태(러시아냉동)","오징어(냉동국산)","고등어(생물국산)","","","","1","0","","","2019-01-21 15:36:23.0","2019-01-21 15:36:23.0"
"학동로4길 29","강남구 논현동 280-17","127.023675900","37.509704400","100171","PRICE_197","KOR","영동시장","","강남구","논현동","","280","17","","","","가격 : 2500원 (1개) 부가 정보 : 홍로","가격 : 2500원 (1개) 부가 정보 : 나주","가격 : 4500원 (1포기) 부가 정보 : 전남 해남","가격 : 2000원 (1포기) 부가 정보 : 제주","가격 : 4000원 (1망) 부가 정보 : 국내산","가격 : 1000원 (100g) ","가격 : 500원 (1개) 부가 정보 : 4입 1팩 2000원","가격 : 800원 (1개) 부가 정보 : 진주 논개","가격 : 23000원 (600g(1등급)) 부가 정보 : 100g(3840)충북음성","가격 : 13500원 (500g) 부가 정보 : 100g(2250)충북음성","가격 : 6000원 (1마리(1000g)) 부가 정보 : 체리부르","가격 : 1830원 (10구) 부가 정보 : 1판 5500원","가격 : 2000원 (1마리(20cm)) 부가 정보 : 참조기추자도","가격 : 3500원 (1마리(35cm)) 부가 정보 : 러시아","가격 : 2500원 (1마리(25cm)) 부가 정보 : 동해","가격 : 4000원 (1마리(30cm)) ","","","","조사일자;;;;2015-10-05","사과(부사 300g)","배(신고 600g)","배추(2.5~3kg)","무(1kg)","양파(1.5kg망)","상추(100g)","오이(다다기)","호박(인큐베이터)","쇠고기(한우불고기)","돼지고기(생삼겹살)","닭고기(육계)","달걀(특란)","조기(국산냉동)","명태(냉동수입산)","오징어(생물국산)","고등어(생물국산)","","","","","1","0","","","2019-01-21 15:36:23.0","2019-01-21 15:36:23.0"
"도봉로 17","성북구 길음동 25-2","127.029701840","37.610855360","100171","PRICE_15","KOR","이마트 미아점","","성북구","길음동","","25","2","","","","가격 : 900원 (1개) 부가 정보 : 국내 3kg 8990원","가격 : 1734원 (1개) 부가 정보 : 국내 3kg 8680원","가격 : 2000원 (1포기) 부가 정보 : 국내","가격 : 1280원 (1개) 부가 정보 : 국내","가격 : 2280원 (1.5kg) 부가 정보 : 국내 100g 152원","가격 : 660원 (100g) 부가 정보 : 무농약꽃상추","가격 : 750원 (1개) 부가 정보 : 국내 5개 3750원","가격 : 1390원 (1개) 부가 정보 : 국내 3개 4170원","가격 : 30000원 (600g) 부가 정보 : 국내 100g 5000원","가격 : 14400원 (600g) 부가 정보 : 국내 100g 2400원","가격 : 7280원 (1kg) 부가 정보 : 마니커백숙용","가격 : 2680원 (10개) 부가 정보 : 1등급특란","가격 : 5980원 (30개) 부가 정보 : 일판란특란","가격 : 1980원 (1마리) 부가 정보 : 참조기 소 해동","가격 : 5980원 (1마리) 부가 정보 : 러시아 절단손질","가격 : 4280원 (1마리) 부가 정보 : 국내 생","가격 : 5980원 (1마리) 부가 정보 : 국내 생 특","","","조사일자;;;;2019-01-17","사과(부사 300g)","배(신고 600g)","배추(2.5~3kg)","무","양파(1.5kg망)","상추","오이(다다기)","애호박","쇠고기(한우불고기)","돼지고기(생삼겹살)","닭고기(육계)","달걀(10개)","달걀(30개)","조기(국산생물)","명태(러시아냉동)","오징어(생물국산)","고등어(생물국산)","","","","1","0","","","2019-01-21 15:36:23.0","2019-01-21 15:36:23.0"
"올림픽로98길 24","강동구 암사동 496-25","127.129186448","37.551111973","100171","PRICE_151","KOR","암사종합시장","","강동구","암사동","","496","25","","","","가격 : 2500원 (1 개) ","가격 : 3000원 (1 개) ","가격 : 2500원 (1포기) ","가격 : 1000원 (1 개) ","가격 : 2500원 (작은망(1.5kg)) ","가격 : 850원 (1봉지100g) ","가격 : 850원 (1 개) ","가격 : 1500원 (1 개) ","가격 : 23800원 (600g 1등급) ","가격 : 9800원 (600g) ","가격 : 7000원 (1마리(1.5kg)) ","가격 : 2400원 (특란) ","가격 : 2900원 (특란) ","가격 : 3000원 (1마리) ","가격 : 3000원 (1마리) ","가격 : 5000원 (1마리) ","가격 : 3000원 (1마리) ","","","조사일자;;;;2019-01-17","사과(부사 300g)","배(신고)중급(대)","배추(2.5~3kg)","무(1kg)","양파(1.5kg망)","상추","오이(다다기)","애호박","쇠고기(한우불고기)","돼지고기(삼겹살)","닭고기","달걀(10개)","달걀(30개)","조기(냉동수입산)","명태(냉동수입산)","오징어(생물국산)","고등어(생물국산)","","","","1","0","","","2019-01-21 15:36:23.0","2019-01-21 15:36:23.0"
"고덕로 276","강동구 명일동 46-4","127.155804711","37.554680061","100171","PRICE_153","KOR","이마트 명일점","","강동구","명일동","","46","4","","","","가격 : 10020원 (1마리(1.5kg)) ","가격 : 2580원 (특란) ","가격 : 5780원 (특란) ","가격 : 2160원 (1마리) 부가 정보 : 5마리10800","가격 : 4800원 (1마리) ","가격 : 3680원 (1마리) 부가 정보 : 2마리7360","가격 : 1800원 (1마리) 부가 정보 : 3마리5400","가격 : 2730원 (1 개) 부가 정보 : 4개10900","가격 : 2480원 (1포기) ","가격 : 990원 (1 개) ","가격 : 2980원 (작은망(1.5kg)) ","가격 : 740원 (1봉지100g) 부가 정보 : 200g1480","가격 : 860원 (1 개) 부가 정보 : 3개2590","가격 : 1890원 (1 개) ","가격 : 30000원 (600g 1등급) 부가 정보 : 100g5000","가격 : 10680원 (600g) 부가 정보 : 100g1780","가격 : 1600원 (1 개) 부가 정보 : 5개7980","","","조사일자;;;;2019-01-17","닭고기(중간)","달걀(10개)","달걀(30개)","조기(생물국산)","명태(냉동수입산)","오징어(냉동국산)","고등어(생물국산)","배(신고)","배추(국산)","무","양파","상추","오이(다다기)","애호박","쇠고기(한우불고기)","돼지고기(생삼겹살)","사과(부사)중급(대)","","","","1","0","","","2019-01-21 15:36:23.0","2019-01-21 15:36:23.0"
"양재대로 1571","강동구 천호동 42","127.142243368","37.545715437","100171","PRICE_154","KOR","홈플러스 강동점","","강동구","천호동","","42","","","","","가격 : 1660원 (1개) 부가 정보 : 9개14900","가격 : 2500원 (1 개) 부가 정보 : 4개9990","가격 : 2590원 (1포기) ","가격 : 1390원 (1 개) ","가격 : 3190원 (작은망(1.5kg)) ","가격 : 850원 (1봉지100g) 부가 정보 : 200g1690","가격 : 1160원 (1개) 부가 정보 : 3개3490","가격 : 1500원 (1 개) ","가격 : 26940원 (600g 1등급) ","가격 : 7740원 (600g) 부가 정보 : 100g1290","가격 : 12850원 (1마리(1.5kg)) 부가 정보 : 1050g올품8990","가격 : 2680원 (특란) ","가격 : 5790원 (특란) ","가격 : 1990원 (1마리) 부가 정보 : 10마리19900","가격 : 0원 (1마리) 부가 정보 : 입고안됨","가격 : 3790원 (1마리) 부가 정보 : 2마리7580","가격 : 2000원 (1마리) 부가 정보 : 3마리5990","","","조사일자;;;;2019-01-17","사과(부사)중급(대)","배(신고)중급(대)","배추(국산)","무","양파","상추","오이(다다기)","애호박","쇠고기(한우불고기)","돼지고기(삼겹살)","닭고기(중간)","달걀(10개)","달걀(30개)","조기(냉동국산)","명태(냉동수입산)","오징어(냉동국산)","고등어(생물국산)","","","","1","0","","","2019-01-21 15:36:23.0","2019-01-21 15:36:23.0"
"동소문로 315","성북구 길음동 20-1","127.028725467","37.608394417","100171","PRICE_16","KOR","현대백화점 미아점","","성북구","길음동","","20","1","","","","가격 : 3500원 (1포기) 부가 정보 : 국내","가격 : 1500원 (1개) 부가 정보 : 국내","가격 : 3800원 (1.5kg) 부가 정보 : 국내","가격 : 1000원 (100g) 부가 정보 : 국내","가격 : 1040원 (1개) 부가 정보 : 국내 5개 5200원","가격 : 1800원 (1개) 부가 정보 : 국내","가격 : 31080원 (600g) 부가 정보 : 한우암소1등급 100g 5180원 ","가격 : 19080원 (600g) 부가 정보 : 선진포크 100g 3180원 ","가격 : 10000원 (1kg) 부가 정보 : 자연실록9호 830g 8300원 ","가격 : 3500원 (10개) 부가 정보 : 하람특란","가격 : 6900원 (30개) 부가 정보 : 1등급 특란","가격 : 0원 (1마리) 부가 정보 : 입고안됨","가격 : 0원 (1마리) 부가 정보 : 입고안됨","가격 : 7250원 (1마리) 부가 정보 : 국내 생 (2마리 14500원)","가격 : 8000원 (1마리) 부가 정보 : 국내 생","가격 : 8333원 (1개) 부가 정보 : 신고 3입 팩 25000원","가격 : 3800원 (1개) 부가 정보 : 부사 (5입 봉 19000원)","","","조사일자;;;;2019-12-31","배추(2.5~3kg)","무","양파(1.5kg망)","상추","오이(다다기)","애호박","쇠고기(한우불고기)","돼지고기(생삼겹살)","닭고기(육계)","달걀(10개)","달걀(30개)","조기(국산생물)","명태(러시아냉동)","오징어(생물국산)","고등어(생물국산)","배(신고 600g)","사과(부사 300g)","","","","1","0","","","2019-01-21 15:36:23.0","2019-01-21 15:36:23.0"
"디지털로49길 13-1","영등포구 대림동 1075-47","126.899264491","37.490837755","100171","PRICE_19","KOR","대림중앙시장","","영등포구","대림동","","1075","47","","","","가격 : 1000원 (1개) ","가격 : 1500원 (1개 ) ","가격 : 2500원 (1포기 ) ","가격 : 1000원 (1개) ","가격 : 2500원 (1망) ","가격 : 500원 (100g.) ","가격 : 700원 (1개 ) ","가격 : 2000원 (1개) ","가격 : 23000원 (600g) ","가격 : 9600원 (600g) ","가격 : 5000원 (1kg) ","가격 : 2000원 (10개) ","가격 : 4500원 (30개) ","가격 : 3000원 (1마리) ","가격 : 1000원 (1마리 ) ","가격 : 3000원 (1마리) ","가격 : 2500원 (1마리) ","","","조사일자;;;;2019-01-17","사과","배(신고)","배추","무(세척무)","양파(작은망)","상추","오이(다다기)","애호박","쇠고기(한우불고기)","돼지고기(생삼겹살)","닭고기","달걀(10개)","달걀(30개)","조기","명태(냉동수입산)","오징어","고등어","","","","1","0","","","2019-01-21 15:36:23.0","2019-01-21 15:36:23.0"
"구로동로22길 22","구로구 구로동 733-28","126.885616546","37.489469500","100171","PRICE_202","KOR","구로시장","","구로구","구로동","","733","28","","","","가격 : 1000원 (1개) 부가 정보 : 국내산","가격 : 2500원 (1개) 부가 정보 : 4개10000","가격 : 4000원 (1포기) 부가 정보 : 국내산","가격 : 1500원 (1개) 부가 정보 : 국내산","가격 : 2500원 (1망) 부가 정보 : 국내산","가격 : 1000원 (적상추) 부가 정보 : 1근400g4000","가격 : 400원 (1개) 부가 정보 : 4개2000","가격 : 500원 (1개) 부가 정보 : 2개1000","가격 : 30000원 (600g) 부가 정보 : 국내산","가격 : 16000원 (600g) 부가 정보 : 국내산","가격 : 5000원 (1마리) 부가 정보 : 국내산","가격 : 2000원 (특란) 부가 정보 : 국내산","가격 : 4800원 (특란) 부가 정보 : 국내산","가격 : 3000원 (1마리) 부가 정보 : 부세","가격 : 2000원 (1마리) 부가 정보 : 수입","가격 : 4000원 (1마리) 부가 정보 : 2마리8000","가격 : 2000원 (1마리) 부가 정보 : 국내산","","","조사일자;;;;2018-10-01","사과","배(신고 600g)","배추(2.5~3kg)","무(1kg)","양파(1.5kg망)","상추(100g)","오이(다다기)","애호박","쇠고기(한우불고기)","돼지고기(생삼겹살)","닭고기(육계)","달걀(10개)","달걀(30개)","조기(냉동국산)","명태(러시아냉동)","오징어(냉동국산)","고등어(생물국산)","","","","1","0","","","2019-01-21 15:36:23.0","2019-01-21 15:36:23.0"
"풍성로58길 34","강동구 성내동 428-9","127.135137799","37.527478168","100171","PRICE_205","KOR","둔촌역전통시장","","강동구","성내동","","428","9","","","","가격 : 2000원 (1 개) ","가격 : 3000원 (1 개) ","가격 : 2660원 (1포기) 부가 정보 : 3포기8000","가격 : 1500원 (1 개) ","가격 : 2500원 (작은망(1.5kg)) ","가격 : 500원 (1봉지) ","가격 : 700원 (1 개) ","가격 : 1500원 (1 개) ","가격 : 20000원 (600g 1등급) ","가격 : 10000원 (600g) ","가격 : 6500원 (1마리(1.5kg)) ","가격 : 1800원 (특란) ","가격 : 5000원 (특란) ","가격 : 3000원 (1마리) ","가격 : 3000원 (1마리) ","가격 : 5000원 (1마리) ","가격 : 3000원 (1마리) ","","","조사일자;;;;2019-01-17","사과(부사)","배(신고)중급(대)","배추(2.5~3kg)","무","양파(1.5kg망)","상추","오이(다다기)","애호박","쇠고기(육우불고기)","돼지고기(삼겹살)","닭고기","달걀(10개)","달걀(30개)","조기(냉동수입산)","명태(러시아냉동)","오징어(생물국산)","고등어(생물국산)","","","","1","0","","","2019-01-21 15:36:23.0","2019-01-21 15:36:23.0"
"도봉로33길 18","강북구 미아동 318-5","127.026439492","37.621561657","100171","PRICE_206","KOR","하나로클럽 미아점","","강북구","미아동","","318","5","","","","가격 : 3270원 (1개) ","가격 : 3270원 (1개) ","가격 : 2580원 (1포기) ","가격 : 920원 (1개) ","가격 : 2280원 (1망) ","가격 : 850원 (100g) ","가격 : 1060원 (1개) ","가격 : 1780원 (1개) ","가격 : 17880원 (600g) ","가격 : 10680원 (600g) ","가격 : 4960원 (800g) ","가격 : 2550원 (특란) ","가격 : 3880원 (특란) ","가격 : 3500원 (1마리) ","가격 : 2950원 (1마리) ","가격 : 3400원 (1마리) ","가격 : 2500원 (1마리) ","","","조사일자;;;;2019-01-17","사과(부사 300g)","배(신고 600g)","배추(2.5~3kg)","무(1kg)","양파(1.5kg망)","상추(100g)","오이(다다기)","애호박","쇠고기(한우1등급)","돼지고기(생삼겹살)","닭고기(중간)","달걀(10개)","달걀(30개)","조기(냉동수입산)","명태(냉동수입산)","오징어(냉동수입산)","고등어(생물국산)","","","","1","0","","","2019-01-21 15:36:23.0","2019-01-21 15:36:23.0"
"난곡로74길 58","관악구 신림동 494-7","126.916944347","37.486302188","100171","PRICE_207","KOR","관악신사시장(신림4동)","","관악구","신림동","","494","7","","","","가격 : 1000원 (1개) 부가 정보 : 부사","가격 : 2000원 (1개) 부가 정보 : 나주","가격 : 2660원 (1포기) 부가 정보 : 국내산","가격 : 2000원 (1개) 부가 정보 : 국내산","가격 : 2000원 (1개) 부가 정보 : 무안","가격 : 620원 (100g) 부가 정보 : 국내산","가격 : 500원 (1개) 부가 정보 : 국내산","가격 : 1500원 (1개) 부가 정보 : 진주","가격 : 27000원 (600g) 부가 정보 : 국내산","가격 : 13000원 (600g) 부가 정보 : 국내산","가격 : 5000원 (1kg) 부가 정보 : 하림","가격 : 2000원 (10개) 부가 정보 : 특란","가격 : 4500원 (30개) 부가 정보 : 왕란","가격 : 2000원 (1마리) 부가 정보 : 중국산","가격 : 2500원 (1마리) 부가 정보 : 러시아산","가격 : 4000원 (1마리) 부가 정보 : 국내산","가격 : 2000원 (1마리) 부가 정보 : 국내산","","","조사일자;;;;2019-01-17","사과(부사 300g)","배(신고 600g)","배추(2.5~3kg)","무(1kg)","양파","상추(100g)","오이(다다기)","호박(인큐베이터)","쇠고기(한우1등급)","돼지고기(생삼겹살)","닭고기(육계)","달걀(10개)","달걀(30개)","조기(냉동수입산)","명태(러시아냉동)","오징어(냉동국산)","고등어(생물국산)","","","","1","0","","","2019-01-21 15:36:23.0","2019-01-21 15:36:23.0"
"당산로 42","영등포구 문래동3가 55-3","126.895865175","37.518236621","100171","PRICE_21","KOR","홈플러스 영등포점","","영등포구","문래동3가","","55","3","","","","가격 : 1998원 (1개) 부가 정보 : 5/9990","가격 : 2497원 (1개) 부가 정보 : 4/9990","가격 : 2590원 (1포기) ","가격 : 1390원 (1개 ) ","가격 : 2400원 (1망 ) ","가격 : 1590원 (1봉) ","가격 : 1190원 (1개) ","가격 : 1990원 (1개) ","가격 : 29940원 (600g) 부가 정보 : 100/4990","가격 : 8940원 (600g) 부가 정보 : 100/1490일품포크","가격 : 6990원 (1kg) ","가격 : 2680원 (10개) ","가격 : 5490원 (30개) ","가격 : 3290원 (1마리 ) 부가 정보 : 참조기","가격 : 2490원 (1마리 ) ","가격 : 3790원 (1마리 ) 부가 정보 : 해동국산","가격 : 2490원 (1마리 ) 부가 정보 : 노르웨이","","","조사일자;;;;2019-01-17","사과","배","배추","무","양파","상추","오이(다다기)","애호박","쇠고기(한우1등급)","돼지고기(생삼겹살)","닭고기","달걀(10개)","달걀(30개)","조기(냉동수입산)","명태(45cm수입산)","오징어(생물국산)","고등어(냉동수입산)","","","","1","0","","","2019-01-21 15:36:23.0","2019-01-21 15:36:23.0"
"상계로27길 32","노원구 상계동 389-641","127.069834363","37.659866163","100171","PRICE_210","KOR","상계중앙시장","","노원구","상계동","","389","641","","","","가격 : 3000원 (1개) 부가 정보 : 부사","가격 : 3500원 (1개) 부가 정보 : 신고배","가격 : 2500원 (1포기) ","가격 : 1500원 (1개) ","가격 : 2000원 (1망) ","가격 : 500원 (100g) ","가격 : 1000원 (1개) ","가격 : 1500원 (1개) ","가격 : 25000원 (600g) ","가격 : 14000원 (600g) ","가격 : 6000원 (1마리) ","가격 : 3000원 (10개) ","가격 : 6000원 (30개) ","가격 : 6000원 (1마리(25cm)) 부가 정보 : 부세중국산","가격 : 3000원 (1마리(35cm)) ","가격 : 5000원 (1마리(20cm)) ","가격 : 5000원 (1마리(30cm)) ","","","조사일자;;;;2019-01-17","사과(부사 300g)","배(신고 600g)","배추(2.5~3kg)","무(1kg)","양파(1.5kg망)","상추","오이(다다기)","애호박","쇠고기(한우불고기)","돼지고기(생삼겹살)","닭고기(육계)","달걀(왕란)","달걀(왕란)","조기(냉동수입산)","명태(러시아냉동)","오징어(생물국산)","고등어(생물국산)","","","","1","0","","","2019-01-21 15:36:23.0","2019-01-21 15:36:23.0"
"뚝섬로25길 6","광진구 자양동 553-506","127.065324076","37.536359402","100171","PRICE_212","KOR","노룬산골목시장","","광진구","자양동","","553","506","","","","가격 : 2250원 (1개) 부가 정보 : 국산","가격 : 2900원 (1개) 부가 정보 : 국산","가격 : 1830원 (1포기) 부가 정보 : 국산","가격 : 1500원 (1개) 부가 정보 : 국산","가격 : 3800원 (1.8kg) 부가 정보 : 국산","가격 : 550원 (100g) 부가 정보 : 국산","가격 : 670원 (1개) 부가 정보 : 국산","가격 : 1600원 (1개) 부가 정보 : 웰빙","가격 : 27000원 (600g) 부가 정보 : 민속lpc","가격 : 16900원 (600g) 부가 정보 : 팜스코","가격 : 6500원 (1마리) 부가 정보 : 올품","가격 : 4700원 (10개) 부가 정보 : 일품란","가격 : 6200원 (30개) 부가 정보 : 영양란","가격 : 750원 (1마리20cm) 부가 정보 : 해동국산","가격 : 3000원 (1마리25cm) 부가 정보 : 해동수입","가격 : 3330원 (1마리25cm) 부가 정보 : 해동국산","가격 : 1670원 (1마리25cm) 부가 정보 : 생물국산","","","조사일자;;;;2019-01-16","사과(부사 300g)","배(신고 600g)","배추(2.5~3kg)","무(1kg)","양파","상추(100g)","오이(다다기)","애호박","쇠고기(한우불고기)","돼지고기(생삼겹살)","닭고기(육계)","달걀(10개)","달걀(30개)","조기(국산냉동)","명태(냉동수입산)","오징어(냉동국산)","고등어(생물국산)","","","","1","0","","","2019-01-21 15:36:23.0","2019-01-21 15:36:23.0"
"까치산로 35","강서구 화곡동 98-45","126.844113761","37.542881727","100171","PRICE_213","KOR","화곡본동시장","","강서구","화곡동","","98","45","","","","가격 : 1500원 (1개(300g)) 부가 정보 : 청송","가격 : 3000원 (1개(500g)) 부가 정보 : 신고","가격 : 2333원 (1포기) 부가 정보 : 해남 한망(7000원)","가격 : 1500원 (1kg) 부가 정보 : 제주","가격 : 2000원 (1.5kg) 부가 정보 : 무안","가격 : 750원 (100g) 부가 정보 : 400g3000원","가격 : 500원 (1개) 부가 정보 : 백오이(2개 1000원)","가격 : 1500원 (1개) 부가 정보 : 양주","가격 : 29000원 (600g) 부가 정보 : 안양(앞다리)","가격 : 12900원 (600g) 부가 정보 : 안양","가격 : 6000원 (1kg) 부가 정보 : 하림","가격 : 1500원 (10개) 부가 정보 : 왕란(30개 4500원)","가격 : 4500원 (30개) 부가 정보 : 왕란","가격 : 3000원 (1마리(22cm)) 부가 정보 : 중국(부세)","가격 : 3000원 (1마리(24cm)) 부가 정보 : 러시아","가격 : 3500원 (1마리(22cm)) 부가 정보 : 국내","가격 : 3000원 (1마리(24cm)) 부가 정보 : 부산","","","조사일자;;;;2019-01-17","사과","배(신고)","배추(국산)","무(1kg)","양파(1.5kg망)","상추(100g)","오이(다다기)","호박(인큐베이터)","쇠고기(한우불고기)","돼지고기(생삼겹살)","닭고기(육계)","달걀(10개)","달걀(30개)","조기(냉동수입산)","명태(러시아냉동)","오징어(생물국산)","고등어(생물국산)","","","","1","0","","","2019-01-21 15:36:23.0","2019-01-21 15:36:23.0"
"오목로 299","양천구 목동 962","126.870364791","37.525996461","100171","PRICE_214","KOR","이마트 목동점","","양천구","목동","","962","","","","","가격 : 2700원 (1개) ","가격 : 7400원 (1개) ","가격 : 2480원 (1포기) ","가격 : 990원 (1개) ","가격 : 2980원 (1망) ","가격 : 1580원 (100g) ","가격 : 896원 (1개) ","가격 : 1890원 (1개) ","가격 : 37200원 (600g) ","가격 : 9900원 (600g) ","가격 : 6580원 (1000g) ","가격 : 2580원 (10개) ","가격 : 5780원 (30개) ","가격 : 1980원 (1마리) ","가격 : 0원 (1마리) 부가 정보 : 미입고","가격 : 4980원 (1마리) ","가격 : 3600원 (1마리) ","","","조사일자;;;;2019-01-14","사과(부사 300g)","배(신고)","배추(2.5~3kg)","무(1kg)","양파(1.5kg망)","상추(100g)","오이(다다기)","애호박","쇠고기(한우불고기)","돼지고기(삼겹살)","닭고기(육계)","달걀(10개)","달걀(30개)","조기(냉동수입산)","동태","오징어(생물국산)","고등어(30cm국산)","","","","1","0","","","2019-01-21 15:36:23.0","2019-01-21 15:36:23.0"
"학동로101길 26","강남구 청담동 134-20","127.057607075","37.522438568","100171","PRICE_215","KOR","청담삼익시장","","강남구","청담동","","134","20","","","","가격 : 1780원 (1개) 부가 정보 : 5개 8900","가격 : 3300원 (1개) 부가 정보 : 신고(특) 3개 9900","가격 : 3000원 (1포기) ","가격 : 1600원 (1개) ","가격 : 3380원 (1.5kg) ","가격 : 990원 (100g) 부가 정보 : 신선쌈","가격 : 1090원 (1개) 부가 정보 : 2개 2180","가격 : 1950원 (1개) 부가 정보 : 광양","가격 : 35880원 (600g) 부가 정보 : 설도","가격 : 18000원 (600g) 부가 정보 : 보성녹돈","가격 : 7500원 (1051g) 부가 정보 : 하림신선통닭","가격 : 3980원 (10구) 부가 정보 : 알짜란","가격 : 5600원 (30구) 부가 정보 : 신선란","가격 : 0원 (1마리) 부가 정보 : 입고안됨","가격 : 5500원 (1마리) 부가 정보 : 러시아","가격 : 6980원 (1마리) 부가 정보 : 53cm","가격 : 0원 (1마리) 부가 정보 : 입고안됨","","","조사일자;;;;2019-01-16","사과(부사)","배(신고)","배추(2.5~3kg)","무(1kg)","양파(1.5kg망)","상추(100g)","오이(다다기)","애호박","쇠고기(한우불고기)","돼지고기","닭고기","달걀(10개)","달걀(30개)","조기","동태","오징어(냉동국산)","고등어","","","","1","0","","","2019-01-21 15:36:23.0","2019-01-21 15:36:23.0"
"선릉로 311","강남구 역삼동 765-7","127.052055586","37.497325940","100171","PRICE_216","KOR","도곡시장","","강남구","역삼동","","765","7","","","","가격 : 1250원 (1개) ","가격 : 1700원 (1개) 부가 정보 : 4개 6800","가격 : 3800원 (1포기) ","가격 : 1270원 (1개) 부가 정보 : 제주","가격 : 2980원 (1.5kg) ","가격 : 1000원 (100g) ","가격 : 760원 (1개) 부가 정보 : 5개 3800","가격 : 1280원 (1개) 부가 정보 : 진주","가격 : 38940원 (600g) ","가격 : 22080원 (600g) 부가 정보 : 한돈","가격 : 8300원 (1030g) 부가 정보 : 하림신선통닭11호","가격 : 4750원 (10구) 부가 정보 : 하루한알","가격 : 3250원 (30구) 부가 정보 : 신선란","가격 : 6000원 (1마리) 부가 정보 : 부세 (중국)","가격 : 5900원 (1마리) 부가 정보 : 러시아","가격 : 6500원 (1마리) 부가 정보 : 50cm","가격 : 2750원 (1마리) 부가 정보 : 30cm 2 미 5500","","","조사일자;;;;2019-01-17","사과(부사)","배(신고)","배추(2.5~3kg)","무(1kg)","양파(1.5kg망)","상추(100g)","오이(다다기)","애호박","쇠고기(한우불고기)","돼지고기","닭고기","달걀(10개)","달걀(30개)","조기","동태","오징어(생물국산)","고등어(생물국산)","","","","1","0","","","2019-01-21 15:36:23.0","2019-01-21 15:36:23.0"
"연세로 50","서대문구 신촌동 134","126.939114044","37.564860815","100171","PRICE_217","KOR","방림시장","","서대문구","신촌동","","134","","","","","가격 : 2000원 (1개) ","가격 : 3000원 (1개) ","가격 : 2000원 (1포기) ","가격 : 1000원 (1개) ","가격 : 2000원 (1kg) ","가격 : 1000원 (1봉) ","가격 : 1000원 (1개) ","가격 : 2000원 (1개) ","가격 : 30000원 (600g) ","가격 : 20000원 (600g) ","가격 : 6500원 (600g) 부가 정보 : 닭볶음탕용","가격 : 2000원 (10개) ","가격 : 5000원 (30개) ","가격 : 7500원 (1마리) 부가 정보 : 백조기 27cm","가격 : 10000원 (1마리) 부가 정보 : 33cm 일본","가격 : 4000원 (1마리) 부가 정보 : 22cm","가격 : 5000원 (1마리) 부가 정보 : 25cm","","","조사일자;;;;2019-01-17","사과(부사)중급(대)","배(신고)중급(중)","배추(2.5~3kg)","무","양파","상추","오이(다다기)","호박(인큐베이터)","쇠고기(한우불고기)","돼지고기(생삼겹살)","닭고기(육계)","달걀(10개)","달걀(30개)","조기(국산생물)","명태(생물수입산)","오징어(생물국산)","고등어(생물국산)","","","","1","0","","","2019-01-21 15:36:23.0","2019-01-21 15:36:23.0"
"통일로 484","서대문구 홍제동 294-46","126.943082000","37.591640400","100171","PRICE_220","KOR","롯데슈퍼","","서대문구","홍제동","","294","46","","","","가격 : 2000원 (1개) 부가 정보 : 4개7990산청","가격 : 2590원 (1포기) 부가 정보 : 해남","가격 : 990원 (1개) 부가 정보 : 제주","가격 : 2990원 (1망) 부가 정보 : 초L프리엄","가격 : 1492원 (100g) 부가 정보 : 150g1990경기","가격 : 1000원 (1개) 부가 정보 : 4개3990이천","가격 : 1990원 (1개) 부가 정보 : 상큼애호박","가격 : 29940원 (600g) 부가 정보 : 100g4990부천농협","가격 : 11940원 (600g) 부가 정보 : 100g1990한돈","가격 : 8990원 (1마리) 부가 정보 : 하림토종닭","가격 : 2490원 (10개) 부가 정보 : 신선알찬란","가격 : 3490원 (30개) 부가 정보 : 판계란","가격 : 4000원 (1마리) 부가 정보 : 부세  중국","가격 : 2990원 (1마리) 부가 정보 : 2마리5980러시아","가격 : 2475원 (1마리) 부가 정보 : 4마리9900속초","가격 : 1990원 (1마리) 부가 정보 : 2마리3980부산","가격 : 1598원 (1개) 부가 정보 : 5개7990겸남함양","","","조사일자;;;;2019-01-17","배(신고 600g)","배추(2.5~3kg)","무(1kg)","양파(1.5kg망)","상추","오이(다다기)","애호박","쇠고기(한우불고기)","돼지고기(삼겹살)","닭고기(토종닭)","달걀(10개)","달걀(30개)","조기(냉동수입산)","명태(러시아냉동)","오징어(생물국산)","고등어(생물국산)","사과(부사 300g)","","","","1","0","","","2019-01-21 15:36:23.0","2019-01-21 15:36:23.0"
"도봉로 45","강북구 미아동 465-6","127.029230286","37.613356952","100171","PRICE_221","KOR","숭인시장","","강북구","미아동","","465","6","","","","가격 : 2500원 (1마리) ","가격 : 2000원 (1개) ","가격 : 2230원 (1개) ","가격 : 2500원 (1포기) ","가격 : 710원 (1개) ","가격 : 2500원 (1망) ","가격 : 750원 (100g) ","가격 : 1000원 (1개) ","가격 : 2000원 (1개) ","가격 : 24000원 (600g) ","가격 : 10800원 (600g) ","가격 : 5000원 (1kg) ","가격 : 2000원 (왕란) ","가격 : 5000원 (왕란) ","가격 : 3500원 (1마리) ","가격 : 4000원 (1마리) ","가격 : 3330원 (1마리) ","","","조사일자;;;;2019-01-17","고등어(생물국산)","사과(부사 300g)","배(신고 600g)","배추(2.5~3kg)","무(1kg)","양파(1.5kg망)","상추(100g)","오이(다다기)","애호박","쇠고기(한우1등급)","돼지고기(생삼겹살)","닭고기(중간)","달걀(10개)","달걀(30개)","조기(냉동수입산)","명태(냉동수입산)","오징어(생물국산)","","","","1","0","","","2019-01-21 15:36:23.0","2019-01-21 15:36:23.0"
"시흥대로 391","금천구 독산동 291-7","126.896866044","37.468683285","100171","PRICE_222","KOR","홈플러스 독산점","","금천구","독산동","","291","7","","","","가격 : 1090원 (1개) 부가 정보 : 국산","가격 : 4300원 (1개) 부가 정보 : 국산","가격 : 2490원 (1개) 부가 정보 : 국산","가격 : 1490원 (1개) 부가 정보 : 국산","가격 : 2990원 (1개) 부가 정보 : 국산","가격 : 500원 (1개) 부가 정보 : 국산","가격 : 750원 (1개) 부가 정보 : 국산","가격 : 1690원 (1개) 부가 정보 : 국산","가격 : 25140원 (1등급(600g)) 부가 정보 : 농협안심한우","가격 : 16740원 (1등급(600g)) 부가 정보 : 국산","가격 : 5000원 (1마리(1kg)) 부가 정보 : 국산","가격 : 2690원 (10개) 부가 정보 : 국산","가격 : 5490원 (30개) 부가 정보 : 국산","가격 : 3690원 (1마리(25cm)) 부가 정보 : 중국","가격 : 3500원 (1마리(45cm)) 부가 정보 : 캐나다","가격 : 3790원 (1마리(25cm)) 부가 정보 : 국산","가격 : 1990원 (1마리(25cm)) 부가 정보 : 노르웨이","","","조사일자;;;;2019-01-17","사과(부사 300g)","배(신고 600g)","배추(2.5~3kg)","무(1kg)","양파(1.5kg망)","상추(100g)","오이(다다기)","호박(인큐베이터)","쇠고기(한우불고기)","돼지고기(생삼겹살)","닭고기(육계)","달걀(10개)","달걀(30개)","조기(냉동수입산)","명태(냉동수입산)","오징어(생물국산)","고등어(냉동수입산)","","","","1","0","","","2019-01-21 15:36:23.0","2019-01-21 15:36:23.0"
"방학로10길 51","도봉구 방학동 632-1","127.033963338","37.664516370","100171","PRICE_25","KOR","방학동도깨비시장","","도봉구","방학동","","632","1","","","","가격 : 1250원 (1개 305g) 부가 정보 : 경북4개5000원","가격 : 2500원 (1개 813g) 부가 정보 : 전라도","가격 : 1667원 (1포기 2.7kg) 부가 정보 : 해남1망3포기5000원","가격 : 1000원 (1개 1.5kg) 부가 정보 : 제주도","가격 : 2000원 (1.5kg) 부가 정보 : 무안","가격 : 500원 (100g) 부가 정보 : 경기도400g2000원","가격 : 500원 (1개) 부가 정보 : 경기도4개2000원","가격 : 1500원 (1개) 부가 정보 : 경기도","가격 : 24800원 (600g) 부가 정보 : 포천한우100g4133원","가격 : 11800원 (600g) 부가 정보 : 포천돼지100g1967원","가격 : 6000원 (1마리 1kg) 부가 정보 : 전라도하림","가격 : 2000원 (10개) 부가 정보 : 경기도영양란","가격 : 4500원 (30개) 부가 정보 : 경기도특란","가격 : 1250원 (1마리 11cm) 부가 정보 : 국내산참조기8마리10000원","가격 : 8000원 (1마리 43cm) 부가 정보 : 일본산","가격 : 4000원 (1마리 30cm) 부가 정보 : 속초2마리8000원","가격 : 2000원 (1마리 29cm) 부가 정보 : 부산","","","조사일자;;;;2019-01-17","사과(부사 300g)","배(신고 600g)","배추(2.5~3kg)","무(1kg)","양파(1.5kg망)","상추(100g)","오이(다다기)","애호박","쇠고기(한우불고기)","돼지고기(삼겹살)","닭고기(육계)","달걀(10개)","달걀(30개)","조기(생물국산)","명태(생물수입산)","오징어(냉동국산)","고등어(생물국산)","","","","1","0","","","2019-01-21 15:36:23.0","2019-01-21 15:36:23.0"
"덕릉로59가길 47-6","도봉구 창동 578-20","127.037346413","37.638554075","100171","PRICE_26","KOR","신창시장","","도봉구","창동","","578","20","","","","가격 : 1500원 (1개 286g) 부가 정보 : 경북","가격 : 2000원 (1개 801g) 부가 정보 : 전라도","가격 : 2000원 (1포기 2.7kg) 부가 정보 : 1망3포기6000원","가격 : 1000원 (1개 1.5kg) 부가 정보 : 제주도","가격 : 2000원 (1.5kg) 부가 정보 : 무안","가격 : 625원 (100g) 부가 정보 : 경기도400g2500원","가격 : 500원 (1개) 부가 정보 : 경기도2개1000원","가격 : 1500원 (1개) 부가 정보 : 경기도","가격 : 24000원 (600g) 부가 정보 : 안심한우.100g4000원","가격 : 11800원 (600g) 부가 정보 : 선진포크100g1967원","가격 : 6000원 (1마리 1kg) 부가 정보 : 전라도하림","가격 : 2000원 (10개) 부가 정보 : 경기도영양란","가격 : 4000원 (30개) 부가 정보 : 경기도특란","가격 : 1000원 (1마리 10cm) 부가 정보 : 중국산참조기10마리10000원","가격 : 8000원 (1마리 43cm) 부가 정보 : 일본산","가격 : 4000원 (1마리 30cm) 부가 정보 : 속초2마리8000원","가격 : 2000원 (1마리 29cm) 부가 정보 : 부산","","","조사일자;;;;2019-01-17","사과(부사 300g)","배(신고 600g)","배추(2.5~3kg)","무(세척무)","양파(1.5kg망)","상추(100g)","오이(다다기)","호박(인큐베이터)","쇠고기(한우불고기)","돼지고기(삼겹살)","닭고기(육계)","달걀(10개)","달걀(30개)","조기(냉동수입산)","명태(생물수입산)","오징어(생물국산)","고등어(생물국산)","","","","1","0","","","2019-01-21 15:36:23.0","2019-01-21 15:36:23.0"
"노해로65길 4","도봉구 창동 135-26","127.047311918","37.652018323","100171","PRICE_27","KOR","이마트 창동점","","도봉구","창동","","135","26","","","","가격 : 1350원 (1개 297g) 부가 정보 : 경북","가격 : 1736원 (1개 564g) 부가 정보 : 전라도5개8680원","가격 : 2000원 (1포기 2.6kg) 부가 정보 : 해남","가격 : 990원 (1개 1.6kg) 부가 정보 : 제주도","가격 : 2280원 (1.5kg) 부가 정보 : 무안100g152원","가격 : 740원 (100g) 부가 정보 : 경기도200g1480원","가격 : 950원 (1개) 부가 정보 : 경기도","가격 : 1490원 (1개) 부가 정보 : 경기도","가격 : 30000원 (600g) 부가 정보 : 명실상감100g5000원","가격 : 10140원 (600g) 부가 정보 : 국내산100g1690원","가격 : 6580원 (1마리 1kg) 부가 정보 : 전라도마니커","가격 : 2680원 (10개) 부가 정보 : 경기도난이생생특란","가격 : 5780원 (30개) 부가 정보 : 경기도알찬란 대란","가격 : 1980원 (1마리 12cm) 부가 정보 : 국내산3마리5940원","가격 : 4980원 (1마리 43cm) 부가 정보 : 캐나다산","가격 : 4980원 (1마리 30cm) 부가 정보 : 속초2마리9960원","가격 : 2980원 (1마리 28cm) 부가 정보 : 부산2마리5960원","","","조사일자;;;;2019-01-17","사과(부사 300g)","배(신고 600g)","배추(2.5~3kg)","무(1kg)","양파(1.5kg망)","상추(100g)","오이(다다기)","호박(인큐베이터)","쇠고기(한우불고기)","돼지고기(삼겹살)","닭고기(육계)","달걀(10개)","달걀(30개)","조기(냉동국산)","명태(냉동수입산)","오징어(냉동국산)","고등어(생물국산)","","","","1","0","","","2019-01-21 15:36:23.0","2019-01-21 15:36:23.0"
"연세로 50","서대문구 신촌동 134","126.939114044","37.564860815","100171","PRICE_28","KOR","홈플러스 방학점","","서대문구","신촌동","","134","","","","","가격 : 1124원 (1개 249g) 부가 정보 : 경북8개8990원","가격 : 3330원 (1개 812g) 부가 정보 : 전라도3개9990원","가격 : 2590원 (1포기 2.6kg) 부가 정보 : 해남","가격 : 1390원 (1개 1.5kg) 부가 정보 : 제주도","가격 : 3190원 (1.8kg) 부가 정보 : 무안","가격 : 795원 (100g) 부가 정보 : 경기도200g1590원","가격 : 1190원 (1개) 부가 정보 : 경기도","가격 : 1990원 (1개) 부가 정보 : 경기도","가격 : 29940원 (600g) 부가 정보 : 안심한우100g4990원","가격 : 8940원 (600g) 부가 정보 : 일품포크100g1490원","가격 : 7790원 (1마리 1kg) 부가 정보 : 경남콜센황금닭","가격 : 2690원 (10개) 부가 정보 : 경기도신선특란","가격 : 3790원 (30개) 부가 정보 : 경기도특란할인","가격 : 3690원 (1마리 24cm) 부가 정보 : 중국산부세조기","가격 : 1350원 (1마리 41cm) 부가 정보 : 러시아산","가격 : 4490원 (1마리 30cm) 부가 정보 : 속초2마리8980원","가격 : 1997원 (1마리 28cm) 부가 정보 : 부산3마리5990원","","","조사일자;;;;2019-01-17","사과(부사 300g)","배(신고 600g)","배추(2.5~3kg)","무(1kg)","양파(1.5kg망)","상추(100g)","오이(다다기)","호박(인큐베이터)","쇠고기(한우불고기)","돼지고기(삼겹살)","닭고기(육계)","달걀(10개)","달걀(30개)","조기(냉동수입산)","명태(냉동수입산)","오징어(냉동국산)","고등어(냉동수입산)","","","","1","0","","","2019-01-21 15:36:23.0","2019-01-21 15:36:23.0"
"인왕시장길 18","서대문구 홍제동 296-1","126.943471824","37.591082120","100171","PRICE_31","KOR","인왕시장","","서대문구","홍제동","","296","1","","","","가격 : 2000원 (1개) 부가 정보 : 청송","가격 : 2000원 (1개) 부가 정보 : 나주","가격 : 2500원 (1포기) 부가 정보 : 해남","가격 : 1000원 (1개) 부가 정보 : 제주","가격 : 3000원 (1망) 부가 정보 : 무안","가격 : 750원 (100g) 부가 정보 : 400g3000당진","가격 : 500원 (1개) 부가 정보 : 상주","가격 : 1500원 (1개) 부가 정보 : 논개애호박","가격 : 28000원 (600g) 부가 정보 : 100g4660협신식품","가격 : 12000원 (600g) 부가 정보 : 100g2000협신식품","가격 : 5500원 (1마리) 부가 정보 : 마니커","가격 : 4000원 (10개) 부가 정보 : 신선란","가격 : 5000원 (30개) 부가 정보 : 신선판란","가격 : 3000원 (1마리) 부가 정보 : 부세  중국","가격 : 7000원 (1마리) 부가 정보 : 생태  러시아","가격 : 4000원 (1마리) 부가 정보 : 속초","가격 : 4000원 (1마리) 부가 정보 : 부산","","","조사일자;;;;2019-01-17","사과(부사 300g)","배(신고 600g)","배추(2.5~3kg)","무(1kg)","양파(1.5kg망)","상추(100g)","오이(다다기)","호박","쇠고기(한우불고기)","돼지고기(삼겹살)","닭고기(육계)","달걀(10개)","달걀(30개)","조기(냉동수입산)","명태(러시아냉동)","오징어(생물국산)","고등어(생물국산)","","","","1","0","","","2019-01-21 15:36:23.0","2019-01-21 15:36:23.0"
"영천시장길 27","서대문구 영천동 294","126.961062622","37.570893563","100171","PRICE_32","KOR","영천시장","","서대문구","영천동","","294","","","","","가격 : 2000원 (1개) 부가 정보 : 청송","가격 : 2500원 (1개) 부가 정보 : 나주","가격 : 1830원 (1포기) 부가 정보 : 3포기5500해남","가격 : 1000원 (1개) 부가 정보 : 제주","가격 : 2000원 (1망) 부가 정보 : 무안","가격 : 400원 (100g) 부가 정보 : 이천","가격 : 900원 (1개) 부가 정보 : 3개2700대전","가격 : 1500원 (1개) 부가 정보 : 논개애호박","가격 : 24000원 (600g) 부가 정보 : 100g4000장수축산","가격 : 12000원 (600g) 부가 정보 : 100g2000장수축산","가격 : 7000원 (1마리) 부가 정보 : 하림토종닭","가격 : 2850원 (10개) 부가 정보 : 수향란","가격 : 3680원 (30개) 부가 정보 : 수향판란","가격 : 4000원 (1마리) 부가 정보 : 부세  중국","가격 : 7000원 (1마리) 부가 정보 : 생태  일본","가격 : 3300원 (1마리) 부가 정보 : 3마리10000속초","가격 : 4000원 (1마리) 부가 정보 : 부산","","","조사일자;;;;2019-01-17","사과(부사 300g)","배(신고 600g)","배추(2.5~3kg)","무(1kg)","양파(1.5kg망)","상추","오이(다다기)","애호박","쇠고기(한우불고기)","돼지고기(삼겹살)","닭고기(토종닭)","달걀(10개)","달걀(30개)","조기(냉동수입산)","명태(생물수입산)","오징어(생물국산)","고등어(생물국산)","","","","1","0","","","2019-01-21 15:36:23.0","2019-01-21 15:36:23.0"
"신촌로 83","서대문구 창천동 30-33","126.935868432","37.556147413","100171","PRICE_33","KOR","현대백화점 신촌점","","서대문구","창천동","","30","33","","","","가격 : 3500원 (1개) 부가 정보 : 4개14000저탄소청송","가격 : 10000원 (1개) 부가 정보 : 2개20000안성","가격 : 3500원 (1포기) 부가 정보 : 해남","가격 : 1600원 (1개) 부가 정보 : 제주","가격 : 3500원 (1망) 부가 정보 : 무안","가격 : 2580원 (100g) 부가 정보 : 충주친환경","가격 : 900원 (1개) 부가 정보 : 5개4500김천","가격 : 1750원 (1개) 부가 정보 : 2개3500논개","가격 : 47400원 (600g) 부가 정보 : 100g7900부천농협","가격 : 29400원 (600g) 부가 정보 : 100g4900선진포그","가격 : 8000원 (1마리) 부가 정보 : 하림토종닭","가격 : 5500원 (10개) 부가 정보 : 솔밭유정란","가격 : 4300원 (15개) 부가 정보 : 고소한달걀","가격 : 7500원 (1마리) 부가 정보 : 백조기 제주","가격 : 3700원 (1마리) 부가 정보 : 생물러시아","가격 : 4250원 (1마리) 부가 정보 : 2마리8500속초","가격 : 7500원 (1마리) 부가 정보 : 부산","","","조사일자;;;;2019-01-17","사과(부사 300g)","배(신고 600g)","배추(2.5~3kg)","무(1kg)","양파(1.5kg망)","상추(100g)","오이","애호박","쇠고기(한우1등급)","돼지고기(생삼겹살)","닭고기(토종닭)","달걀(10개)","달걀(30개)","조기(국산생물)","명태(생물수입산)","오징어(생물국산)","고등어(생물국산)","","","","1","0","","","2019-01-21 15:36:23.0","2019-01-21 15:36:23.0"
"강서로45나길 12","강서구 내발산동 724-74","126.835547060","37.548328907","100171","PRICE_38","KOR","송화시장","","강서구","내발산동","","724","74","","","","가격 : 1429원 (1개(300g)) 부가 정보 : 경북(7개 10000원)","가격 : 3000원 (1개(500g)) 부가 정보 : 신고","가격 : 3000원 (1포기) 부가 정보 : 강릉","가격 : 1500원 (1개) 부가 정보 : 제주","가격 : 2000원 (1.5kg) 부가 정보 : 무안","가격 : 750원 (100g) 부가 정보 : 400g3000원","가격 : 700원 (1개) 부가 정보 : 안성(3개 2000원)","가격 : 1800원 (1개) 부가 정보 : 양주","가격 : 30000원 (600g) 부가 정보 : 강원도(앞다리)","가격 : 10500원 (600g) 부가 정보 : 영남","가격 : 6500원 (1kg) 부가 정보 : 마니커","가격 : 1533원 (10개) 부가 정보 : 왕란(30개 4600원)","가격 : 4600원 (30개) 부가 정보 : 왕란","가격 : 3000원 (1마리(22cm)) 부가 정보 : 중국(부세)","가격 : 3000원 (1마리(35cm)) 부가 정보 : 러시아","가격 : 4000원 (1마리(24cm)) 부가 정보 : 동해안","가격 : 3000원 (1마리(24cm)) 부가 정보 : 부산","","","조사일자;;;;2019-01-17","사과","배(신고)","배추(2.5~3kg)","무(1kg)","양파(1.5kg망)","상추(100g)","오이(다다기)","호박(인큐베이터)","쇠고기(한우불고기)","돼지고기(생삼겹살)","닭고기(육계)","달걀(10개)","달걀(30개)","조기(냉동수입산)","명태(러시아냉동)","오징어(생물국산)","고등어(생물국산)","","","","1","0","","","2019-01-21 15:36:23.0","2019-01-21 15:36:23.0"
"화곡로 398","강서구 등촌동 639-11","126.854997914","37.558405696","100171","PRICE_40","KOR","홈플러스 등촌점","","강서구","등촌동","","639","11","","","","가격 : 1997원 (1마리(22cm)) 부가 정보 : 부산(3마리 5990원)","가격 : 3790원 (1마리(24cm)) 부가 정보 : 국내(해동)","가격 : 1199원 (1개(300g)) 부가 정보 : 경북(3kg11990원)","가격 : 4997원 (1개(600g)) 부가 정보 : 신고(제수용) 3개 14990원","가격 : 2590원 (1포기) 부가 정보 : 강릉","가격 : 1390원 (1개) 부가 정보 : 제주","가격 : 3190원 (한 망 (중)) 부가 정보 : 무안","가격 : 795원 (100g) 부가 정보 : 200g1590원)","가격 : 1190원 (1개) 부가 정보 : 강원도(다다기)","가격 : 1495원 (1개) 부가 정보 : 초로미(2개2990원)","가격 : 29940원 (600g) 부가 정보 : 영남(우둔)","가격 : 8940원 (600g) 부가 정보 : 영남","가격 : 5995원 (1kg) 부가 정보 : 두마리(2kg)11990원","가격 : 2593원 (10개) 부가 정보 : 신선왕란(15개 3890원)","가격 : 5790원 (30개) 부가 정보 : 특란","가격 : 3690원 (1마리(22cm)) 부가 정보 : 중국(부세)","가격 : 1350원 (1마리(35cm)) 부가 정보 : 러시아(2마리 2700원)","","","조사일자;;;;2019-01-17","고등어(생물국산)","오징어(냉동국산)","사과","배","배추(2.5~3kg)","무(1kg)","양파","상추","오이(다다기)","호박(인큐베이터)","쇠고기(한우불고기)","돼지고기(생삼겹살)","닭고기","달걀(10개)","달걀(30개)","조기(국산생물)","명태(냉동수입산)","","","","1","0","","","2019-01-21 15:36:23.0","2019-01-21 15:36:23.0"
"양천로 559","강서구 가양동 449-19","126.862255793","37.557953190","100171","PRICE_42","KOR","이마트 가양점","","강서구","가양동","","449","19","","","","가격 : 1330원 (1개) 부가 정보 : 경북(6개 7980원)","가격 : 2495원 (1개) 부가 정보 : 저탄소인증배(4개 9980원)","가격 : 2480원 (1포기) 부가 정보 : pk배추","가격 : 990원 (1개) 부가 정보 : 제주","가격 : 2680원 (1.8kg) 부가 정보 : 무안","가격 : 740원 (100g) 부가 정보 : 예냉적상추(200g1480dnjs)","가격 : 860원 (1개) 부가 정보 : 강원(백오이)","가격 : 1780원 (1개) 부가 정보 : 청원","가격 : 45000원 (600g) 부가 정보 : 영남(설도 1+)","가격 : 9480원 (600g) 부가 정보 : 영남","가격 : 6580원 (1kg) 부가 정보 : 마니커","가격 : 2653원 (10개) 부가 정보 : 난이생생옹란(15개 3980원)","가격 : 5780원 (30개) 부가 정보 : 알찬란","가격 : 1980원 (1마리(20m)) 부가 정보 : 참조기(5마리 9900원)","가격 : 5980원 (1마리(특)) 부가 정보 : 러시아","가격 : 4980원 (1마리(24cm)) 부가 정보 : 국내(2마리 9960원)","가격 : 1800원 (1마리(24cm)) 부가 정보 : 부산(3마리 5400원0","","","조사일자;;;;2019-01-17","사과","배","배추(2.5~3kg)","무(1kg)","양파","상추(100g)","오이(다다기)","호박(인큐베이터)","쇠고기(한우불고기)","돼지고기(생삼겹살)","닭고기","달걀(10개)","달걀(30개)","조기(냉동국산)","명태(냉동수입산)","오징어(생물국산)","고등어(생물국산)","","","","1","0","","","2019-01-21 15:36:23.0","2019-01-21 15:36:23.0"
"역삼로 310","강남구 역삼동 755","127.048424616","37.499213689","100171","PRICE_44","KOR","이마트 역삼점","","강남구","역삼동","","755","","","","","가격 : 1163원 (1개) 부가 정보 : envy6개6980","가격 : 1817원 (1개) 부가 정보 : 알뜰배6개10900","가격 : 0원 (1포기) 부가 정보 : 입고안됨","가격 : 990원 (1개) ","가격 : 2980원 (1.8kg) ","가격 : 1480원 (100g) 부가 정보 : 논산양촌상추","가격 : 863원 (1개) 부가 정보 : 3개 2590","가격 : 1890원 (1개) 부가 정보 : 진주","가격 : 44880원 (600g) 부가 정보 : 횡성","가격 : 14280원 (600g) ","가격 : 8480원 (1050g) 부가 정보 : 하림참진토종닭","가격 : 2580원 (10구) 부가 정보 : 난이생생","가격 : 5780원 (30구) 부가 정보 : 알찬란","가격 : 4400원 (1마리) 부가 정보 : 2미 8800 중국 28cm","가격 : 4500원 (1마리) 부가 정보 : 캐나다","가격 : 6780원 (1마리) 부가 정보 : 2미 13560","가격 : 4980원 (1마리) 부가 정보 : 30cm","","","조사일자;;;;2019-01-17","사과(부사)","배(신고)","배추(2.5~3kg)","무","양파(1.5kg망)","상추(100g)","오이(다다기)","애호박","쇠고기(한우불고기)","돼지고기","닭고기","달걀(10개)","달걀(30개)","조기","동태","오징어(생물국산)","고등어(생물수입산)","","","","1","0","","","2019-01-21 15:36:23.0","2019-01-21 15:36:23.0"
"도곡로 401","강남구 대치동 937","127.053265582","37.496954716","100171","PRICE_45","KOR","롯데백화점 강남점","","강남구","대치동","","937","","","","","가격 : 2750원 (1개) 부가 정보 : 4개 11000","가격 : 7500원 (1개) 부가 정보 : 3개 22500","가격 : 0원 (1포기) 부가 정보 : 입고안됨","가격 : 3500원 (1개) ","가격 : 4580원 (1.5kg) 부가 정보 : 8개","가격 : 2580원 (100g) 부가 정보 : 푸름적상추","가격 : 700원 (1개) 부가 정보 : 5개 3500","가격 : 2250원 (1개) 부가 정보 : 진주 2개 4500","가격 : 25920원 (600g) 부가 정보 : 삼도명가","가격 : 27000원 (600g) 부가 정보 : 보성녹돈","가격 : 8800원 (830g) 부가 정보 : 하림자연실록","가격 : 3450원 (10구) 부가 정보 : 초생란","가격 : 0원 (30구) 부가 정보 : 입고안됨","가격 : 1960원 (1마리) 부가 정보 : 5미 9800","가격 : 3750원 (1마리) 부가 정보 : 2미 7500","가격 : 7000원 (1마리) 부가 정보 : 55cm","가격 : 8000원 (1마리) ","","","조사일자;;;;2019-01-17","사과(부사)","배(신고)","배추(2.5~3kg)","무(1kg)","양파(1.5kg망)","상추(100g)","오이(다다기)","애호박","쇠고기(한우불고기)","돼지고기","닭고기","달걀(10개)","달걀(30개)","조기","동태","오징어(냉동국산)","고등어","","","","1","0","","","2019-01-21 15:36:23.0","2019-01-21 15:36:23.0"
"한강대로23길 55","용산구 한강로3가 40-999","126.964138763","37.529555207","100171","PRICE_6","KOR","이마트 용산점","","용산구","한강로3가","","40","999","","","","가격 : 1800원 (1마리 35cm ) 부가 정보 : 1팩 3마리 5400","가격 : 1580원 (1개) 부가 정보 : 1팩 5개 7900","가격 : 7400원 (1개) 부가 정보 : 14800","가격 : 2480원 (1포기) ","가격 : 990원 (1개) ","가격 : 2483원 (1망 15k ) 부가 정보 : 2980","가격 : 986원 (100g ) 부가 정보 : 1망 150g 1480","가격 : 863원 (1개) 부가 정보 : 1팩 3개","가격 : 1790원 (1개) 부가 정보 : 논개","가격 : 37200원 (1근 600g ) 부가 정보 : 100g 6200","가격 : 9480원 (1근 600g ) 부가 정보 : 100g 1580","가격 : 6580원 (1마리 1k ) 부가 정보 : 마니커","가격 : 2680원 (10개) 부가 정보 : 1등란 대란","가격 : 5780원 (30개) 부가 정보 : 알찬란 대란","가격 : 3980원 (1마리 35cm ) 부가 정보 : 3마ㅣ리 11940","가격 : 5051원 (1팩 871g ) 부가 정보 : 절던동태","가격 : 5980원 (1마리 30cm ) 부가 정보 : 1팩 2마리 11960","","","조사일자;;;;2019-01-17","고등어(생물국산)","사과(부사)중급(대)","배(중품)신고","배추(2.5~3kg)","무(세척무)","양파(1.5kg망)","상추(100g)","오이(다다기)","애호박","쇠고기(한우1등급)","돼지고기(생삼겹살)","닭고기(육계)","달걀(10개)","달걀(30개)","조기(냉동수입산)","명태(냉동수입산)","오징어(생물국산)","","","","1","0","","","2019-01-21 15:36:23.0","2019-01-21 15:36:23.0"
"청계천로 400","중구 황학동 2545","127.022096800","37.570999000","100171","PRICE_60","KOR","이마트 청계점","","중구","황학동","","2545","","","","","가격 : 2500원 (1마리) ","가격 : 1700원 (1개) ","가격 : 3100원 (1개) ","가격 : 2480원 (1포기(중간)) ","가격 : 1280원 (1개) ","가격 : 2680원 (1망 1.5kg) ","가격 : 800원 (100g) ","가격 : 1050원 (1개) ","가격 : 1390원 (1개) ","가격 : 30000원 (1근) ","가격 : 11500원 (1근) ","가격 : 6500원 (1마리) ","가격 : 2880원 (10개) ","가격 : 5750원 (30개) ","가격 : 3500원 (1마리) ","가격 : 4180원 (1마리) ","가격 : 2780원 (1마리) ","","","조사일자;;;;2019-01-17","명태(러시아냉동)","사과(부사 300g)","배(중품)","배추(중간)","무(세척무)","양파(1.5kg망)","상추(100g)","오이(다다기)","호박(인큐베이터)중간","쇠고기(한우불고기)","돼지고기(생삼겹살)","닭고기","달걀(10개)","달걀(30개)","조기(냉동수입산)","오징어","고등어","","","","1","0","","","2019-01-21 15:36:23.0","2019-01-21 15:36:23.0"
"한강대로104길 77","용산구 후암동 103-25","126.976418590","37.550194801","100171","PRICE_62","KOR","후암시장","","용산구","후암동","","103","25","","","","가격 : 1250원 (1개) 부가 정보 : 1팩 4개 5000","가격 : 4000원 (1개) ","가격 : 1500원 (1포기) 부가 정보 : 알배추","가격 : 1000원 (1개) ","가격 : 2500원 (1망 15k ) ","가격 : 700원 (100g ) ","가격 : 800원 (1개) ","가격 : 1800원 (1개) ","가격 : 27000원 (1근 600g (1+)) 부가 정보 : 100g 4500","가격 : 12000원 (1근 600g ) 부가 정보 : 100g 2000","가격 : 6500원 (1마리 12k ) 부가 정보 : 바른품","가격 : 2500원 (10개) ","가격 : 4500원 (30개) ","가격 : 1428원 (1마리 ) 부가 정보 : 1팩 7마리 10000","가격 : 4000원 (1마리 45cm ) ","가격 : 3500원 (1마리 30cm ) 부가 정보 : 1팩 2마리 7000","가격 : 3000원 (1마리 35cm) ","","","조사일자;;;;2019-01-17","사과(부사)중급(대)","배(중품)신고","배추(2.5~3kg)","무(1kg)","양파(1.5kg망)","상추(100g)","오이(다다기)","애호박","쇠고기(한우1등급)","돼지고기(생삼겹살)","닭고기(육계)","달걀(10개)","달걀(30개)","조기(냉동수입산)","명태(러시아냉동)","오징어(냉동국산)","고등어(생물국산)","","","","1","0","","","2019-01-21 15:36:23.0","2019-01-21 15:36:23.0"
"청파로 122","용산구 한강로2가 15-19","126.964715301","37.533174467","100171","PRICE_63","KOR","농협 하나로마트 용산점","","용산구","한강로2가","","15","19","","","","가격 : 3667원 (1개) 부가 정보 : 1팩 3개 11000","가격 : 3667원 (1개) 부가 정보 : 1팩 3개 11000","가격 : 2800원 (1포기) ","가격 : 690원 (1개) ","가격 : 2590원 (1망 15k) ","가격 : 1120원 (100g ) 부가 정보 : 1망 150g 1680","가격 : 1267원 (1개) 부가 정보 : 1팩 3개 3800","가격 : 1800원 (1개) 부가 정보 : 토요애","가격 : 28800원 (1근 600g (1+)) 부가 정보 : 100g 4480","가격 : 10680원 (1근 600g ) 부가 정보 : 100g 1780","가격 : 4980원 (1마리 800g ) 부가 정보 : 목우촌","가격 : 2880원 (10개) 부가 정보 : 신선대란","가격 : 4580원 (30개) 부가 정보 : 신선특한","가격 : 2967원 (1마리 20cm ) 부가 정보 : 1팩 3마리 8900","가격 : 5580원 (1팩 500g ) 부가 정보 : 토막동태","가격 : 2250원 (1마리30cm ) 부가 정보 : 1팩 2마리 4500","가격 : 1633원 (1마리 30cm ) 부가 정보 : 1팩 3마리 4900","","","조사일자;;;;2019-01-17","사과(부사 300g)","배(신고 600g)","배추(2.5~3kg)","무(1kg)","양파(1.5kg망)","상추","오이(다다기)","애호박","쇠고기(한우불고기)","돼지고기(삼겹살)","닭고기(육계)","달걀(10개)","달걀(30개)","조기(국산냉동)","명태(러시아냉동)","오징어(생물국산)","고등어(30cm수입산)","","","","1","0","","","2019-01-21 15:36:23.0","2019-01-21 15:36:23.0"
"도봉로71길 19","강북구 수유동 54-4","127.022776300","37.631288000","100171","PRICE_66","KOR","수유재래시장","","강북구","수유동","","54","4","","","","가격 : 3000원 (1개) ","가격 : 3000원 (1개) ","가격 : 3000원 (1포기) ","가격 : 1150원 (1개) ","가격 : 2000원 (1망) ","가격 : 500원 (100g) ","가격 : 830원 (1개) ","가격 : 1500원 (1개) ","가격 : 21000원 (600g) ","가격 : 10800원 (600g) ","가격 : 5500원 (1.1kg) ","가격 : 2500원 (왕란) ","가격 : 6000원 (왕란) ","가격 : 3330원 (1마리) ","가격 : 4000원 (1마리) ","가격 : 4000원 (1마리) ","가격 : 2500원 (1마리) ","","","조사일자;;;;2019-01-17","사과(부사 300g)","배(신고 600g)","배추(2.5~3kg)","무(1kg)","양파(1.5kg망)","상추(100g)","오이(다다기)","애호박","쇠고기(한우1등급)","돼지고기(생삼겹살)","닭고기(중간)","달걀(10개)","달걀(30개)","조기(냉동수입산)","명태(냉동수입산)","오징어(생물국산)","고등어(생물국산)","","","","1","0","","","2019-01-21 15:36:23.0","2019-01-21 15:36:23.0"
"연세로 50","서대문구 신촌동 134","126.939114044","37.564860815","100171","PRICE_68","KOR","롯데백화점 미아점","","서대문구","신촌동","","134","","","","","가격 : 1250원 (1개) ","가격 : 5000원 (1개) ","가격 : 2980원 (1포기) ","가격 : 1980원 (1개) ","가격 : 4980원 (1망) ","가격 : 1980원 (100g) ","가격 : 1490원 (1개) ","가격 : 2980원 (1개) ","가격 : 42600원 (600g) ","가격 : 11880원 (600g) ","가격 : 9800원 (830g) ","가격 : 3530원 (특란) ","가격 : 5900원 (대란) ","가격 : 8500원 (1마리) ","가격 : 3400원 (1마리) ","가격 : 3900원 (1마리) ","가격 : 8500원 (1마리) ","","","조사일자;;;;2019-01-17","사과(부사 300g)","배(신고 600g)","배추(2.5~3kg)","무(1kg)","양파(1.5kg망)","상추(100g)","오이(다다기)","애호박","쇠고기(한우불고기)","돼지고기(생삼겹살)","닭고기","달걀(10개)","달걀(30개)","조기(국산생물)","명태(냉동수입산)","오징어(생물국산)","고등어(생물국산)","","","","1","0","","","2019-01-21 15:36:23.0","2019-01-21 15:36:23.0"
"독서당로 303-7","성동구 금호동3가 326","127.022696151","37.548448360","100171","PRICE_72","KOR","금남시장","","성동구","금호동3가","","326","","","","","가격 : 2000원 (1개) ","가격 : 2500원 (1개) ","가격 : 3000원 (1포기) ","가격 : 1000원 (1개) ","가격 : 2500원 (1망) ","가격 : 500원 (100g) ","가격 : 600원 (1개) ","가격 : 1500원 (1개) ","가격 : 29000원 (600g) ","가격 : 11000원 (600g) ","가격 : 6500원 (1마리) ","가격 : 1500원 (10개) ","가격 : 5000원 (30개) ","가격 : 2000원 (1마리) ","가격 : 3000원 (1마리) ","가격 : 2700원 (1마리) ","가격 : 1500원 (1마리) ","","","조사일자;;;;2019-01-17","사과","배(신고 600g)","배추(2.5~3kg)","무","양파(1.5kg망)","상추","오이(다다기)","호박(인큐베이터)","쇠고기(한우1등급)","돼지고기(생삼겹살)","닭고기","달걀(10개)","달걀(30개)","조기(국산냉동)","명태(냉동수입산)","오징어(냉동수입산)","고등어(생물국산)","","","","1","0","","","2019-01-21 15:36:23.0","2019-01-21 15:36:23.0"
"자양로13길 59","광진구 자양동 631-18","127.081573707","37.533793100","100171","PRICE_78","KOR","자양골목시장","","광진구","자양동","","631","18","","","","가격 : 1000원 (1마리20cm) 부가 정보 : 생물국산","가격 : 990원 (1개) 부가 정보 : 국산","가격 : 1630원 (1개) 부가 정보 : 국산","가격 : 2170원 (1포기) 부가 정보 : 국산","가격 : 990원 (1개) 부가 정보 : 국산","가격 : 2500원 (1.5kg) 부가 정보 : 국산","가격 : 890원 (100g) 부가 정보 : 국산","가격 : 900원 (1개) 부가 정보 : 국산","가격 : 1700원 (1개) 부가 정보 : 웰빙","가격 : 24000원 (600g) 부가 정보 : 농혐음성","가격 : 15000원 (600g) 부가 정보 : 팜스코","가격 : 7000원 (1마리) 부가 정보 : 하림","가격 : 2590원 (10개) 부가 정보 : 1등급란특란","가격 : 6890원 (30개) 부가 정보 : 1등급란특란","가격 : 1110원 (1마리20cm) 부가 정보 : 해동국산","가격 : 3000원 (1마리25cm) 부가 정보 : 해동수입","가격 : 3500원 (1마리25cm) 부가 정보 : 해동국산","","","조사일자;;;;2019-01-16","고등어(생물국산)","사과(부사 300g)","배(신고 600g)","배추(2.5~3kg)","무(1kg)","양파","상추(100g)","오이(다다기)","애호박","쇠고기(한우불고기)","돼지고기(생삼겹살)","닭고기(육계)","달걀(10개)","달걀(30개)","조기(국산냉동)","명태(냉동수입산)","오징어(냉동국산)","","","","1","0","","","2019-01-21 15:36:23.0","2019-01-21 15:36:23.0"
"연세로 50","서대문구 신촌동 134","126.939114044","37.564860815","100171","PRICE_8","KOR","롯데마트 서울역점","","서대문구","신촌동","","134","","","","","가격 : 1800원 (1개) ","가격 : 3200원 (1개) ","가격 : 2480원 (1포기(중간)) ","가격 : 1280원 (1개) ","가격 : 2650원 (1망 1.5kg) ","가격 : 750원 (100g) ","가격 : 1080원 (1개) ","가격 : 1530원 (1개) ","가격 : 30000원 (1근) ","가격 : 11500원 (1근) ","가격 : 6500원 (1마리) ","가격 : 2880원 (10개) ","가격 : 5980원 (30개) ","가격 : 3500원 (1마리) ","가격 : 2500원 (1마리) ","가격 : 3800원 (1마리) ","가격 : 2800원 (1마리) ","","","조사일자;;;;2019-01-17","사과(부사 300g)","배(중품)","배추(중간)","무(세척무)","양파(1.5kg망)","상추(100g)","오이(다다기)","호박(인큐베이터)중간","쇠고기(한우불고기)","돼지고기(생삼겹살)","닭고기","달걀(10개)","달걀(30개)","조기(냉동수입산)","명태(러시아냉동)","오징어","고등어","","","","1","0","","","2019-01-21 15:36:23.0","2019-01-21 15:36:23.0"
"아차산로 262","광진구 자양동 227-7","127.072611998","37.537800687","100171","PRICE_80","KOR","이마트 자양점","","광진구","자양동","","227","7","","","","가격 : 1580원 (1개) 부가 정보 : 국산","가격 : 2730원 (1개) 부가 정보 : 국산","가격 : 2480원 (1포기) 부가 정보 : 국산","가격 : 990원 (1개) 부가 정보 : 국산","가격 : 2980원 (1.8kg) 부가 정보 : 국산","가격 : 1580원 (100g) 부가 정보 : 논산","가격 : 800원 (1개) 부가 정보 : 백오이","가격 : 1690원 (1개) 부가 정보 : 논개","가격 : 43200원 (600g) 부가 정보 : 농혐음성","가격 : 16080원 (600g) 부가 정보 : 제주","가격 : 6680원 (1마리) 부가 정보 : 하림","가격 : 2580원 (10개) 부가 정보 : 난이생생","가격 : 5780원 (30개) 부가 정보 : 알찬란대란","가격 : 1980원 (1마리20cm) 부가 정보 : 해동국산","가격 : 5980원 (1마리25cm) 부가 정보 : 해동수입","가격 : 3680원 (1마리25cm) 부가 정보 : 해동국산","가격 : 1800원 (1마리25cm) 부가 정보 : 생물국산","","","조사일자;;;;2019-01-16","사과(부사 300g)","배(신고 600g)","배추(2.5~3kg)","무(1kg)","양파","상추(100g)","오이(다다기)","애호박","쇠고기(한우불고기)","돼지고기(생삼겹살)","닭고기(육계)","달걀(10개)","달걀(30개)","조기(국산냉동)","명태(냉동수입산)","오징어(냉동국산)","고등어(생물국산)","","","","1","0","","","2019-01-21 15:36:23.0","2019-01-21 15:36:23.0"
"광나루로56길 85","광진구 구의동 546-4","127.095761981","37.535683405","100171","PRICE_82","KOR","롯데마트 강변점","","광진구","구의동","","546","4","","","","가격 : 1150원 (1개) 부가 정보 : 국산","가격 : 3300원 (1개) 부가 정보 : 국산","가격 : 2480원 (1포기) 부가 정보 : 국산","가격 : 1280원 (1개) 부가 정보 : 국산","가격 : 2680원 (1.5kg) 부가 정보 : 국산","가격 : 1380원 (100g) 부가 정보 : 국산","가격 : 990원 (1개) 부가 정보 : 다다기","가격 : 1880원 (1개) 부가 정보 : 웰빙","가격 : 24000원 (600g) 부가 정보 : 부경축공","가격 : 11940원 (600g) 부가 정보 : 팜스토리","가격 : 6500원 (1마리) 부가 정보 : 하림","가격 : 2880원 (10개) 부가 정보 : 행복생생란특란","가격 : 5980원 (30개) 부가 정보 : 행복생생란특란","가격 : 1500원 (1마리20cm) 부가 정보 : 해동국산","가격 : 2860원 (1마리20cm) 부가 정보 : 해동수입","가격 : 3800원 (1마리25cm) 부가 정보 : 해동국산","가격 : 4000원 (1마리25cm) 부가 정보 : 생물국산","","","조사일자;;;;2019-01-16","사과(부사 300g)","배(신고 600g)","배추(2.5~3kg)","무(1kg)","양파","상추(100g)","오이(다다기)","애호박","쇠고기(한우불고기)","돼지고기(생삼겹살)","닭고기(육계)","달걀(10개)","달걀(30개)","조기(국산냉동)","명태(냉동수입산)","오징어(냉동국산)","고등어(생물국산)","","","","1","0","","","2019-01-21 15:36:23.0","2019-01-21 15:36:23.0"
"경동시장로 3-1","동대문구 제기동 998","127.040820832","37.579323097","100171","PRICE_84","KOR","청량리종합시장","","동대문구","제기동","","998","","","","","가격 : 1000원 (1개(300g)) 부가 정보 : 국산","가격 : 2800원 (1개(600g)) 부가 정보 : 국산","가격 : 2000원 (1포기) 부가 정보 : 국산","가격 : 1000원 (1개) 부가 정보 : 국산","가격 : 1000원 (1망(1kg)) 부가 정보 : 국산","가격 : 500원 (100g) 부가 정보 : 국산","가격 : 700원 (1개) 부가 정보 : 국산","가격 : 1500원 (1개) 부가 정보 : 국산","가격 : 28000원 (600g) 부가 정보 : 한우","가격 : 1200원 (600g) 부가 정보 : 국산","가격 : 4500원 (1마리(1kg)) 부가 정보 : 국산","가격 : 1000원 (10개(대란)) 부가 정보 : 국산","가격 : 3000원 (30개(대란)) 부가 정보 : 국산","가격 : 3000원 (1마리(25cm)) 부가 정보 : 부세 중국 대","가격 : 2500원 (1마리(40cm)) 부가 정보 : 러시아","가격 : 5000원 (1마리(25cm)) 부가 정보 : 생물 국산 대","가격 : 3500원 (1마리(25cm)) 부가 정보 : 생물 국산 대","","","조사일자;;;;2019-01-17","사과(부사 300g)","배(신고 600g)","배추(2.5~3kg)","무(1kg)","양파","상추","오이(다다기)","애호박","쇠고기(한우불고기)","돼지고기(생삼겹살)","닭고기(육계)","달걀(10개)","달걀(30개)","조기(냉동수입산)","명태(러시아냉동)","오징어(생물국산)","고등어(생물국산)","","","","1","0","","","2019-01-21 15:36:23.0","2019-01-21 15:36:23.0"
"왕산로 147","동대문구 제기동 1018","127.039554051","37.578921042","100171","PRICE_85","KOR","경동시장","","동대문구","제기동","","1018","","","","","가격 : 1200원 (1개(300g)) 부가 정보 : 국산","가격 : 3000원 (1개(600g)) 부가 정보 : 국산","가격 : 2500원 (1포기) 부가 정보 : 국산","가격 : 1000원 (1개) 부가 정보 : 국산","가격 : 1300원 (1망(1kg)) 부가 정보 : 국산","가격 : 500원 (100g) 부가 정보 : 국산","가격 : 500원 (1개) 부가 정보 : 국산","가격 : 1500원 (1개) 부가 정보 : 국산","가격 : 24000원 (600g) 부가 정보 : 한우","가격 : 11000원 (600g) 부가 정보 : 국산","가격 : 4500원 (1마리(1kg)) 부가 정보 : 국산","가격 : 1200원 (10개(대란)) 부가 정보 : 국산","가격 : 3500원 (30개(대란)) 부가 정보 : 국산","가격 : 3500원 (1마리(25cm)) 부가 정보 : 부세 중국 대","가격 : 3500원 (1마리(40cm)) 부가 정보 : 러시아","가격 : 5000원 (1마리(25cm)) 부가 정보 : 생물 국산 대","가격 : 3000원 (1마리(25cm)) 부가 정보 : 생물 국산 대","","","조사일자;;;;2019-01-17","사과(부사 300g)","배(신고 600g)","배추(2.5~3kg)","무(1kg)","양파","상추","오이(다다기)","애호박","쇠고기(한우불고기)","돼지고기(생삼겹살)","닭고기(육계)","달걀(10개)","달걀(30개)","조기(냉동수입산)","명태(러시아냉동)","오징어(생물국산)","고등어(생물국산)","","","","1","0","","","2019-01-21 15:36:23.0","2019-01-21 15:36:23.0"
"천호대로 133","동대문구 용두동 33-1","127.038779911","37.574509457","100171","PRICE_86","KOR","홈플러스 동대문점","","동대문구","용두동","","33","1","","","","가격 : 1998원 (1개(300g)) 부가 정보 : 국산","가격 : 4663원 (1개(600g)) 부가 정보 : 국산","가격 : 2590원 (1포기) 부가 정보 : 국산","가격 : 790원 (1개) 부가 정보 : 국산","가격 : 1100원 (1망(1kg)) 부가 정보 : 국산","가격 : 795원 (100g) 부가 정보 : 국산","가격 : 798원 (1개) 부가 정보 : 국산","가격 : 1495원 (1개) 부가 정보 : 국산","가격 : 17940원 (600g) 부가 정보 : 한우  행사","가격 : 11940원 (600g) 부가 정보 : 국산  행사","가격 : 5195원 (1마리(1kg)) 부가 정보 : 국산","가격 : 2560원 (10개(대란)) 부가 정보 : 국산","가격 : 3340원 (30개(대란)) 부가 정보 : 국산","가격 : 3690원 (1마리(25cm)) 부가 정보 : 부세 중국 대","가격 : 1350원 (1마리(40cm)) 부가 정보 : 러시아","가격 : 4490원 (1마리(25cm)) 부가 정보 : 생물 국산 대","가격 : 1997원 (1마리(25cm)) 부가 정보 : 국산 생물 중","","","조사일자;;;;2019-01-17","사과(부사 300g)","배(신고 600g)","배추(2.5~3kg)","무(1kg)","양파","상추","오이(다다기)","애호박","쇠고기(한우불고기)","돼지고기(생삼겹살)","닭고기(육계)","달걀(10개)","달걀(30개)","조기(냉동수입산)","명태(러시아냉동)","오징어(냉동국산)","고등어(생물국산)","","","","1","0","","","2019-01-21 15:36:23.0","2019-01-21 15:36:23.0"
"답십리로11길 30-23","동대문구 전농동 620-69","127.046006822","37.579813320","100171","PRICE_88","KOR","롯데백화점 청량리점","","동대문구","전농동","","620","69","","","","가격 : 1833원 (1개(300g)) 부가 정보 : 국산","가격 : 3000원 (1개(600g)) 부가 정보 : 국산","가격 : 2980원 (1포기) 부가 정보 : 국산 쌈배추","가격 : 2500원 (1개) 부가 정보 : 국산","가격 : 2980원 (1망(1kg)) 부가 정보 : 국산","가격 : 1980원 (100g) 부가 정보 : 국산","가격 : 1490원 (1개) 부가 정보 : 국산","가격 : 2200원 (1개) 부가 정보 : 국산","가격 : 51000원 (600g) 부가 정보 : 한우","가격 : 23400원 (600g) 부가 정보 : 국산","가격 : 9900원 (1마리(1100g)) 부가 정보 : 국산","가격 : 1993원 (10개(대란)) 부가 정보 : 국산","가격 : 5980원 (30개(대란)) 부가 정보 : 국산","가격 : 6800원 (1마리(25cm)) 부가 정보 : 백조기 국산 대","가격 : 0원 (1마리(40cm)) 부가 정보 : 없슴","가격 : 5900원 (1마리(25cm)) 부가 정보 : 해동 국산 대","가격 : 3000원 (1마리(25cm)) 부가 정보 : 생물 국산 대","","","조사일자;;;;2019-01-17","사과(부사 300g)","배(신고 600g)","배추(2.5~3kg)","무(1kg)","양파","상추","오이(다다기)","애호박","쇠고기(한우불고기)","돼지고기(생삼겹살)","닭고기(육계)","달걀(10개)","달걀(30개)","조기(국산냉동)","명태(러시아냉동)","오징어(생물국산)","고등어(생물국산)","","","","1","0","","","2019-01-21 15:36:23.0","2019-01-21 15:36:23.0"
"망우로62길 52-4","중랑구 망우동 463-45","127.098255950","37.596768806","100171","PRICE_90","KOR","우림시장","","중랑구","망우동","","463","45","","","","가격 : 2500원 (1개) 부가 정보 : 4개 10000","가격 : 3000원 (1개) 부가 정보 : 국내산","가격 : 2000원 (1포기) 부가 정보 : 국내산","가격 : 1500원 (1개) 부가 정보 : 제주","가격 : 2000원 (1망) 부가 정보 : 무안","가격 : 500원 (1봉지) 부가 정보 : 적상추","가격 : 700원 (1개) 부가 정보 : 국내산","가격 : 1500원 (1개) 부가 정보 : 애호박","가격 : 24000원 (600g) 부가 정보 : 농협안심한우","가격 : 15000원 (600g) 부가 정보 : 국내산","가격 : 5500원 (1마리 1kg) 부가 정보 : 토종닭","가격 : 2500원 (10개) 부가 정보 : 친환경신선란","가격 : 5500원 (30개) 부가 정보 : 신선란","가격 : 2000원 (1마리(20cm)) 부가 정보 : 중국부세조기","가격 : 3500원 (1마리(45cm)) 부가 정보 : 러시아(대)","가격 : 2500원 (1마리(25cm)) 부가 정보 : 국내산","가격 : 2000원 (1마리(30cm)) 부가 정보 : 노르웨이","","","조사일자;;;;2019-01-17","사과(부사 300g)","배(신고 600g)","배추(2.5~3kg)","무(1kg)","양파(1.5kg망)","상추(100g)","오이(다다기)","호박(인큐베이터)","쇠고기(한우불고기)","돼지고기(생삼겹살)","닭고기(육계)","달걀(10개)","달걀(30개)","조기(국산냉동)","명태(생물수입산)","오징어(냉동수입산)","고등어(생물국산)","","","","1","0","","","2019-01-21 15:36:23.0","2019-01-21 15:36:23.0"
"면목로74길 45","중랑구 면목동 101-1","127.089873418","37.589834313","100171","PRICE_91","KOR","동원시장","","중랑구","면목동","","101","1","","","","가격 : 3000원 (1개) 부가 정보 : 국내산","가격 : 2500원 (1개) 부가 정보 : 2개 5000","가격 : 2000원 (1포기) 부가 정보 : 국내산","가격 : 1500원 (1개) 부가 정보 : 제주","가격 : 2500원 (1망) 부가 정보 : 국내산","가격 : 500원 (1봉지) 부가 정보 : 적상추","가격 : 700원 (1개) 부가 정보 : 국내산","가격 : 1500원 (1개) 부가 정보 : 애호박","가격 : 24000원 (600g ) 부가 정보 : 농협안심한우","가격 : 15000원 (600g ) 부가 정보 : 제주","가격 : 5000원 (1마리 1kg) 부가 정보 : 하림","가격 : 2500원 (10개) 부가 정보 : 특란","가격 : 5500원 (30개) 부가 정보 : 특란","가격 : 2000원 (1마리(20cm)) 부가 정보 : 중국","가격 : 3500원 (1마리(45cm)) 부가 정보 : 러시아(동태)","가격 : 2000원 (1마리(25cm)) 부가 정보 : 원양산","가격 : 2000원 (1마리(30cm)) 부가 정보 : 노르웨이","","","조사일자;;;;2019-01-17","배(신고 600g)","사과(부사 300g)","배추(2.5~3kg)","무(1kg)","양파(1.5kg망)","상추(100g)","오이(다다기)","호박(인큐베이터)","쇠고기(한우불고기)","돼지고기(생삼겹살)","닭고기(육계)","달걀(10개)","달걀(30개)","조기(국산냉동)","명태(생물수입산)","오징어(냉동수입산)","고등어(생물국산)","","","","1","0","","","2019-01-21 15:36:23.0","2019-01-21 15:36:23.0"
"연세로 50","서대문구 신촌동 134","126.939114044","37.564860815","100171","PRICE_92","KOR","이마트 상봉점","","서대문구","신촌동","","134","","","","","가격 : 2380원 (1마리(30cm)) 부가 정보 : 노르웨이","가격 : 2500원 (1개) 부가 정보 : 4개 10000","가격 : 3080원 (1개) 부가 정보 : 국내산","가격 : 2480원 (1포기) 부가 정보 : 국내산","가격 : 1480원 (1개) 부가 정보 : 제주","가격 : 1780원 (1망) 부가 정보 : 무안","가격 : 500원 (1봉지) 부가 정보 : 적상추","가격 : 980원 (1개) 부가 정보 : 국내산","가격 : 1580원 (1개) 부가 정보 : 애호박","가격 : 27240원 (600g ) 부가 정보 : 100g 4540","가격 : 15480원 (600g) 부가 정보 : 100g 2580","가격 : 5680원 (1마리 1kg) 부가 정보 : 하림","가격 : 2580원 (10개) 부가 정보 : 특란","가격 : 5780원 (30개) 부가 정보 : 특란","가격 : 2000원 (1마리(20cm)) 부가 정보 : 국내산","가격 : 3580원 (1마리(45cm)) 부가 정보 : 러시아","가격 : 2280원 (1마리(25cm)) 부가 정보 : 국내산","","","조사일자;;;;2019-01-17","고등어(냉동수입산)","사과(부사 300g)","배(신고 600g)","배추(2.5~3kg)","무(1kg)","양파(1.5kg망)","상추(100g)","오이(다다기)","호박(인큐베이터)","쇠고기(한우불고기)","돼지고기(생삼겹살)","닭고기(육계)","달걀(10개)","달걀(30개)","조기(국산냉동)","명태(냉동수입산)","오징어(냉동국산)","","","","1","0","","","2019-01-21 15:36:23.0","2019-01-21 15:36:23.0"
"연세로 50","서대문구 신촌동 134","126.939114044","37.564860815","100171","PRICE_94","KOR","홈플러스 면목점","","서대문구","신촌동","","134","","","","","가격 : 2500원 (1개) 부가 정보 : 4개 10000","가격 : 3190원 (1개) 부가 정보 : 국내산","가격 : 2490원 (1포기) 부가 정보 : 국내산","가격 : 1590원 (1개) 부가 정보 : 제주","가격 : 2590원 (1망) 부가 정보 : 국내산","가격 : 500원 (1봉지) 부가 정보 : 적상추","가격 : 900원 (1개) 부가 정보 : 국내산","가격 : 1490원 (1개) 부가 정보 : 애호박","가격 : 26340원 (600g) 부가 정보 : 농협안심한우","가격 : 16990원 (600g ) 부가 정보 : 일품포크","가격 : 5000원 (1마리 1kg) 부가 정보 : 올품","가격 : 2680원 (10개) 부가 정보 : 신선란","가격 : 5890원 (30개) 부가 정보 : 신선특란","가격 : 1890원 (1마리(20cm)) 부가 정보 : 중국","가격 : 4500원 (1마리(45cm)) 부가 정보 : 캐나다","가격 : 2280원 (1마리(25cm)) 부가 정보 : 원양산","가격 : 2480원 (1마리(30cm)) 부가 정보 : 국내산","","","조사일자;;;;2019-01-17","사과(부사 300g)","배(신고 600g)","배추(2.5~3kg)","무(1kg)","양파(1.5kg망)","상추(100g)","오이(다다기)","호박(인큐베이터)","쇠고기(한우불고기)","돼지고기(생삼겹살)","닭고기(육계)","달걀(10개)","달걀(30개)","조기(국산냉동)","명태(생물수입산)","오징어(냉동수입산)","고등어(생물국산)","","","","1","0","","","2019-01-21 15:36:23.0","2019-01-21 15:36:23.0"
"동일로180길 37","노원구 공릉동 566-20","127.076229731","37.622690272","100171","PRICE_96","KOR","공릉동 도깨비시장","","노원구","공릉동","","566","20","","","","가격 : 3000원 (1개) 부가 정보 : 부사","가격 : 4000원 (1개) 부가 정보 : 신고배","가격 : 2500원 (1포기) ","가격 : 1500원 (1개) ","가격 : 2000원 (1망) ","가격 : 500원 (100g) ","가격 : 1000원 (1개) ","가격 : 1500원 (1개) ","가격 : 24000원 (600g) ","가격 : 12600원 (600g) ","가격 : 6000원 (1마리) ","가격 : 3000원 (10개) ","가격 : 5500원 (30개) ","가격 : 4000원 (1마리(20cm)) 부가 정보 : 부세중국산","가격 : 3000원 (1마리(35cm)) ","가격 : 5000원 (1마리(20cm)) ","가격 : 5000원 (1마리(30cm)) ","","","조사일자;;;;2019-01-17","사과(부사 300g)","배(신고 600g)","배추(2.5~3kg)","무(1kg)","양파(1.5kg망)","상추","오이(다다기)","애호박","쇠고기(한우불고기)","돼지고기(생삼겹살)","닭고기(육계)","달걀(왕란)","달걀(왕란)","조기(냉동수입산)","명태(러시아냉동)","오징어(생물국산)","고등어(생물국산)","","","","1","0","","","2019-01-21 15:36:23.0","2019-01-21 15:36:23.0"
"동일로 1414","노원구 상계동 713","127.061058630","37.655141048","100171","PRICE_98","KOR","롯데백화점 노원점","","노원구","상계동","","713","","","","","가격 : 3000원 (1개) 부가 정보 : 부사","가격 : 4000원 (1개) 부가 정보 : 신고배","가격 : 2980원 (1포기) 부가 정보 : 솎은배추","가격 : 2980원 (1개) 부가 정보 : 제주무","가격 : 4500원 (1망) ","가격 : 2980원 (150g) ","가격 : 1290원 (1개) ","가격 : 2980원 (1개) ","가격 : 51000원 (600g) ","가격 : 24420원 (600g) ","가격 : 12900원 (1마리) ","가격 : 6500원 (10개) ","가격 : 8900원 (30개) ","가격 : 10000원 (1마리(25cm)) 부가 정보 : 백조기","가격 : 0원 (1마리(35cm)) ","가격 : 7000원 (1마리(25cm)) ","가격 : 8000원 (1마리(30cm)) ","","","조사일자;;;;2019-01-14","사과(부사 300g)","배(신고 600g)","배추(국산)","무","양파(1.5kg망)","상추","오이(다다기)","호박(인큐베이터)","쇠고기(한우불고기)","돼지고기(생삼겹살)","닭고기(토종닭)","달걀(10개)","달걀(30개)","조기(생물국산)","명태(러시아냉동)","오징어(냉동국산)","고등어(생물국산)","","","","1","0","","","2019-01-21 15:36:23.0","2019-01-21 15:36:23.0"